record_id,record_class,manufacturer,device_model,device_variant,module_role,sensor_model,sensor_width_mm,sensor_height_mm,sensor_diagonal_mm,source_observation,provenance_method,evidence_tier,lcrd_status,tps_use,original_confidence,original_verification_status,source_title,source_url,usage_note,qa_flags,notes,coverage_priority,cutoff_reason,cutoff_note,audit_priority,qa_pass4_flags,freeze_qa_flags,v0_1_release_status
arri_alexa_35,dedicated_camera,ARRI,ALEXA 35,,main,,27.99,19.22,33.9536,,published,C,good_reference,yes,confirmed,compiled_spec_value,ARRI ALEV 4 specifications,,Good working value; source audit still desirable.,source_url_missing,physical_camera,primary,dragonframe_current_coverage,Keep and audit: normalized from current Dragonframe-supported camera coverage.,P2_source_strengthen,source_url_missing,,ship
arri_alexa_35_xtreme,dedicated_camera,ARRI,ALEXA 35 Xtreme,,main,,27.99,19.22,33.9536,,published,C,good_reference,yes,confirmed,compiled_spec_value,ARRI ALEV 4 specifications,,Good working value; source audit still desirable.,source_url_missing,physical_camera,primary,dragonframe_current_coverage,Keep and audit: normalized from current Dragonframe-supported camera coverage.,P2_source_strengthen,source_url_missing,,ship
arri_alexa_lf,dedicated_camera,ARRI,ALEXA LF,,main,,36.7,25.54,44.7122,,published,C,good_reference,yes,confirmed,compiled_spec_value,ARRI ALEV 3 A2X specifications,,Good working value; source audit still desirable.,source_url_missing,physical_camera,primary,dragonframe_current_coverage,Keep and audit: normalized from current Dragonframe-supported camera coverage.,P2_source_strengthen,source_url_missing,,ship
arri_alexa_mini,dedicated_camera,ARRI,ALEXA Mini,,main,,28.17,18.13,33.4999,,published,C,good_reference,yes,confirmed,compiled_spec_value,ARRI ALEV III sensor specifications,,Good working value; source audit still desirable.,source_url_missing,physical_camera,primary,dragonframe_current_coverage,Keep and audit: normalized from current Dragonframe-supported camera coverage.,P2_source_strengthen,source_url_missing,,ship
arri_alexa_mini_lf,dedicated_camera,ARRI,ALEXA Mini LF,,main,,36.7,25.54,44.7122,,published,A,verified,yes,confirmed,primary_source_verified,ARRI ALEV 3 A2X specifications,https://www.arri.com/en/camera-systems/cameras/alexa-mini-lf,Use automatically.,,physical_camera,primary,dragonframe_current_coverage,Keep and audit: normalized from current Dragonframe-supported camera coverage.,P3_verified_or_secondary,,,ship
arri_amira,dedicated_camera,ARRI,AMIRA,,main,,28.17,18.13,33.4999,,published,C,good_reference,yes,confirmed,compiled_spec_value,ARRI ALEV III sensor specifications,,Good working value; source audit still desirable.,source_url_missing,physical_camera,primary,dragonframe_current_coverage,Keep and audit: normalized from current Dragonframe-supported camera coverage.,P2_source_strengthen,source_url_missing,,ship
arri_sxt,dedicated_camera,ARRI,SXT,,main,,28.17,18.13,33.4999,,published,C,good_reference,yes,confirmed,compiled_spec_value,ARRI ALEV III sensor specifications,,Good working value; source audit still desirable.,source_url_missing,physical_camera,primary,dragonframe_current_coverage,Keep and audit: normalized from current Dragonframe-supported camera coverage.,P2_source_strengthen,source_url_missing,,ship
blackmagic_cinema_camera_thunderbolt,dedicated_camera,Blackmagic,Cinema Camera (Thunderbolt),,main,,15.81,8.88,18.1331,,published,C,good_reference,yes,confirmed,compiled_spec_value,Blackmagic Cinema Camera 2.5K specifications,,Good working value; source audit still desirable.,source_url_missing,physical_camera,primary,dragonframe_current_coverage,Keep and audit: normalized from current Dragonframe-supported camera coverage.,P2_source_strengthen,source_url_missing,,ship
blackmagic_cinema_camera_6k,dedicated_camera,Blackmagic,Cinema Camera 6K,,main,,36.0,24.0,43.2666,,published,A,verified,yes,confirmed,primary_source_verified,Blackmagic Design specifications,https://www.blackmagicdesign.com/products/blackmagiccinemacamera/techspecs,Use automatically.,,physical_camera,primary,dragonframe_current_coverage,Keep and audit: normalized from current Dragonframe-supported camera coverage.,P3_verified_or_secondary,,,ship
blackmagic_production_camera_4k_thunderbolt,dedicated_camera,Blackmagic,Production Camera 4K (Thunderbolt),,main,,21.12,11.88,24.232,,published,C,good_reference,yes,confirmed,compiled_spec_value,Blackmagic Production Camera 4K specifications,,Good working value; source audit still desirable.,source_url_missing,physical_camera,primary,dragonframe_current_coverage,Keep and audit: normalized from current Dragonframe-supported camera coverage.,P2_source_strengthen,source_url_missing,,ship
canon_eos_1000d,dedicated_camera,Canon,EOS 1000D,,main,,22.3,14.9,26.8198,,published,C,good_reference,yes,confirmed,compiled_spec_value,Canon specifications / technical database,,Good working value; source audit still desirable.,source_url_missing,physical_camera,primary,dragonframe_current_coverage,Keep and audit: normalized from current Dragonframe-supported camera coverage.,P2_source_strengthen,source_url_missing,,ship
canon_eos_100d,dedicated_camera,Canon,EOS 100D,,main,,22.3,14.9,26.8198,,published,C,good_reference,yes,confirmed,compiled_spec_value,Canon specifications / technical database,,Good working value; source audit still desirable.,source_url_missing,physical_camera,primary,dragonframe_current_coverage,Keep and audit: normalized from current Dragonframe-supported camera coverage.,P2_source_strengthen,source_url_missing,,ship
canon_eos_1100d,dedicated_camera,Canon,EOS 1100D,,main,,22.3,14.9,26.8198,,published,C,good_reference,yes,confirmed,compiled_spec_value,Canon specifications / technical database,,Good working value; source audit still desirable.,source_url_missing,physical_camera,primary,dragonframe_current_coverage,Keep and audit: normalized from current Dragonframe-supported camera coverage.,P2_source_strengthen,source_url_missing,,ship
canon_eos_1200d,dedicated_camera,Canon,EOS 1200D,,main,,22.3,14.9,26.8198,,published,C,good_reference,yes,confirmed,compiled_spec_value,Canon specifications / technical database,,Good working value; source audit still desirable.,source_url_missing,physical_camera,primary,dragonframe_current_coverage,Keep and audit: normalized from current Dragonframe-supported camera coverage.,P2_source_strengthen,source_url_missing,,ship
canon_eos_1300d,dedicated_camera,Canon,EOS 1300D,,main,,22.3,14.9,26.8198,,published,C,good_reference,yes,confirmed,compiled_spec_value,Canon specifications / technical database,,Good working value; source audit still desirable.,source_url_missing,physical_camera,primary,dragonframe_current_coverage,Keep and audit: normalized from current Dragonframe-supported camera coverage.,P2_source_strengthen,source_url_missing,,ship
canon_eos_1d_c,dedicated_camera,Canon,EOS 1D C,,main,,36.0,24.0,43.2666,,published,C,good_reference,yes,confirmed,compiled_spec_value,Canon specifications,,Good working value; source audit still desirable.,source_url_missing,physical_camera,primary,dragonframe_current_coverage,Keep and audit: normalized from current Dragonframe-supported camera coverage.,P2_source_strengthen,source_url_missing,,ship
canon_eos_1d_mark_iii,dedicated_camera,Canon,EOS 1D Mark III,,main,,28.1,18.7,33.7535,,published,C,good_reference,yes,confirmed,compiled_spec_value,Canon specifications,,Good working value; source audit still desirable.,source_url_missing,physical_camera,primary,dragonframe_current_coverage,Keep and audit: normalized from current Dragonframe-supported camera coverage.,P2_source_strengthen,source_url_missing,,ship
canon_eos_1d_mark_iv,dedicated_camera,Canon,EOS 1D Mark IV,,main,,27.9,18.6,33.5316,,published,C,good_reference,yes,confirmed,compiled_spec_value,Canon specifications,,Good working value; source audit still desirable.,source_url_missing,physical_camera,primary,dragonframe_current_coverage,Keep and audit: normalized from current Dragonframe-supported camera coverage.,P2_source_strengthen,source_url_missing,,ship
canon_eos_1d_x,dedicated_camera,Canon,EOS 1D X,,main,,36.0,24.0,43.2666,,published,C,good_reference,yes,confirmed,compiled_spec_value,Canon specifications,,Good working value; source audit still desirable.,source_url_missing,physical_camera,primary,dragonframe_current_coverage,Keep and audit: normalized from current Dragonframe-supported camera coverage.,P2_source_strengthen,source_url_missing,,ship
canon_eos_1d_x_mark_ii,dedicated_camera,Canon,EOS 1D X Mark II,,main,,35.9,23.9,43.1279,,published,C,good_reference,yes,confirmed,compiled_spec_value,Canon specifications,,Good working value; source audit still desirable.,source_url_missing,physical_camera,primary,dragonframe_current_coverage,Keep and audit: normalized from current Dragonframe-supported camera coverage.,P2_source_strengthen,source_url_missing,,ship
canon_eos_1d_x_mark_iii,dedicated_camera,Canon,EOS 1D X Mark III,,main,,36.0,24.0,43.2666,,published,C,good_reference,yes,confirmed,compiled_spec_value,Canon specifications,,Good working value; source audit still desirable.,source_url_missing,physical_camera,primary,dragonframe_current_coverage,Keep and audit: normalized from current Dragonframe-supported camera coverage.,P2_source_strengthen,source_url_missing,,ship
canon_eos_1ds_mark_iii,dedicated_camera,Canon,EOS 1Ds Mark III,,main,,36.0,24.0,43.2666,,published,C,good_reference,yes,confirmed,compiled_spec_value,Canon specifications,,Good working value; source audit still desirable.,source_url_missing,physical_camera,primary,dragonframe_current_coverage,Keep and audit: normalized from current Dragonframe-supported camera coverage.,P2_source_strengthen,source_url_missing,,ship
canon_eos_2000d,dedicated_camera,Canon,EOS 2000D,,main,,22.3,14.9,26.8198,,published,C,good_reference,yes,confirmed,compiled_spec_value,Canon specifications / technical database,,Good working value; source audit still desirable.,source_url_missing,physical_camera,primary,dragonframe_current_coverage,Keep and audit: normalized from current Dragonframe-supported camera coverage.,P2_source_strengthen,source_url_missing,,ship
canon_eos_200d,dedicated_camera,Canon,EOS 200D,,main,,22.3,14.9,26.8198,,published,C,good_reference,yes,confirmed,compiled_spec_value,Canon specifications / technical database,,Good working value; source audit still desirable.,source_url_missing,physical_camera,primary,dragonframe_current_coverage,Keep and audit: normalized from current Dragonframe-supported camera coverage.,P2_source_strengthen,source_url_missing,,ship
canon_eos_250d,dedicated_camera,Canon,EOS 250D,,main,,22.3,14.8,26.7643,,published,C,good_reference,yes,confirmed,compiled_spec_value,Canon specifications,,Good working value; source audit still desirable.,source_url_missing,physical_camera,primary,dragonframe_current_coverage,Keep and audit: normalized from current Dragonframe-supported camera coverage.,P2_source_strengthen,source_url_missing,,ship
canon_eos_4000d,dedicated_camera,Canon,EOS 4000D,,main,,22.3,14.9,26.8198,,published,C,good_reference,yes,confirmed,compiled_spec_value,Canon specifications / technical database,,Good working value; source audit still desirable.,source_url_missing,physical_camera,primary,dragonframe_current_coverage,Keep and audit: normalized from current Dragonframe-supported camera coverage.,P2_source_strengthen,source_url_missing,,ship
canon_eos_40d,dedicated_camera,Canon,EOS 40D,,main,,22.2,14.8,26.6811,,published,C,good_reference,yes,confirmed,compiled_spec_value,Canon specifications,,Good working value; source audit still desirable.,source_url_missing,physical_camera,primary,dragonframe_current_coverage,Keep and audit: normalized from current Dragonframe-supported camera coverage.,P2_source_strengthen,source_url_missing,,ship
canon_eos_450d,dedicated_camera,Canon,EOS 450D,,main,,22.3,14.9,26.8198,,published,C,good_reference,yes,confirmed,compiled_spec_value,Canon specifications / technical database,,Good working value; source audit still desirable.,source_url_missing,physical_camera,primary,dragonframe_current_coverage,Keep and audit: normalized from current Dragonframe-supported camera coverage.,P2_source_strengthen,source_url_missing,,ship
canon_eos_500d,dedicated_camera,Canon,EOS 500D,,main,,22.3,14.9,26.8198,,published,C,good_reference,yes,confirmed,compiled_spec_value,Canon specifications / technical database,,Good working value; source audit still desirable.,source_url_missing,physical_camera,primary,dragonframe_current_coverage,Keep and audit: normalized from current Dragonframe-supported camera coverage.,P2_source_strengthen,source_url_missing,,ship
canon_eos_50d,dedicated_camera,Canon,EOS 50D,,main,,22.3,14.9,26.8198,,published,C,good_reference,yes,confirmed,compiled_spec_value,Canon specifications / technical database,,Good working value; source audit still desirable.,source_url_missing,physical_camera,primary,dragonframe_current_coverage,Keep and audit: normalized from current Dragonframe-supported camera coverage.,P2_source_strengthen,source_url_missing,,ship
canon_eos_550d,dedicated_camera,Canon,EOS 550D,,main,,22.3,14.9,26.8198,,published,C,good_reference,yes,confirmed,compiled_spec_value,Canon specifications / technical database,,Good working value; source audit still desirable.,source_url_missing,physical_camera,primary,dragonframe_current_coverage,Keep and audit: normalized from current Dragonframe-supported camera coverage.,P2_source_strengthen,source_url_missing,,ship
canon_eos_5d_mark_ii,dedicated_camera,Canon,EOS 5D Mark II,,main,,36.0,24.0,43.2666,,published,C,good_reference,yes,confirmed,compiled_spec_value,Canon specifications,,Good working value; source audit still desirable.,source_url_missing,physical_camera,primary,dragonframe_current_coverage,Keep and audit: normalized from current Dragonframe-supported camera coverage.,P2_source_strengthen,source_url_missing,,ship
canon_eos_5d_mark_iii,dedicated_camera,Canon,EOS 5D Mark III,,main,,36.0,24.0,43.2666,,published,C,good_reference,yes,confirmed,compiled_spec_value,Canon specifications,,Good working value; source audit still desirable.,source_url_missing,physical_camera,primary,dragonframe_current_coverage,Keep and audit: normalized from current Dragonframe-supported camera coverage.,P2_source_strengthen,source_url_missing,,ship
canon_eos_5d_mark_iv,dedicated_camera,Canon,EOS 5D Mark IV,,main,,36.0,24.0,43.2666,,published,C,good_reference,yes,confirmed,primary_source_verified_previous_pass,Canon specifications,,Good working value; source audit still desirable.,source_url_missing,physical_camera,primary,dragonframe_current_coverage,Keep and audit: normalized from current Dragonframe-supported camera coverage.,P2_source_strengthen,source_url_missing,,ship
canon_eos_5ds,dedicated_camera,Canon,EOS 5Ds,,main,,36.0,24.0,43.2666,,published,C,good_reference,yes,confirmed,compiled_spec_value,Canon specifications,,Good working value; source audit still desirable.,source_url_missing,physical_camera,primary,dragonframe_current_coverage,Keep and audit: normalized from current Dragonframe-supported camera coverage.,P2_source_strengthen,source_url_missing,,ship
canon_eos_5ds_r,dedicated_camera,Canon,EOS 5Ds R,,main,,36.0,24.0,43.2666,,published,C,good_reference,yes,confirmed,compiled_spec_value,Canon specifications,,Good working value; source audit still desirable.,source_url_missing,physical_camera,primary,dragonframe_current_coverage,Keep and audit: normalized from current Dragonframe-supported camera coverage.,P2_source_strengthen,source_url_missing,,ship
canon_eos_600d,dedicated_camera,Canon,EOS 600D,,main,,22.3,14.9,26.8198,,published,C,good_reference,yes,confirmed,compiled_spec_value,Canon specifications / technical database,,Good working value; source audit still desirable.,source_url_missing,physical_camera,primary,dragonframe_current_coverage,Keep and audit: normalized from current Dragonframe-supported camera coverage.,P2_source_strengthen,source_url_missing,,ship
canon_eos_60d,dedicated_camera,Canon,EOS 60D,,main,,22.3,14.9,26.8198,,published,C,good_reference,yes,confirmed,compiled_spec_value,Canon specifications / technical database,,Good working value; source audit still desirable.,source_url_missing,physical_camera,primary,dragonframe_current_coverage,Keep and audit: normalized from current Dragonframe-supported camera coverage.,P2_source_strengthen,source_url_missing,,ship
canon_eos_60da,dedicated_camera,Canon,EOS 60Da,,main,,22.3,14.9,26.8198,,published,C,good_reference,yes,confirmed,compiled_spec_value,Canon specifications / technical database,,Good working value; source audit still desirable.,source_url_missing,physical_camera,primary,dragonframe_current_coverage,Keep and audit: normalized from current Dragonframe-supported camera coverage.,P2_source_strengthen,source_url_missing,,ship
canon_eos_650d,dedicated_camera,Canon,EOS 650D,,main,,22.3,14.9,26.8198,,published,C,good_reference,yes,confirmed,compiled_spec_value,Canon specifications / technical database,,Good working value; source audit still desirable.,source_url_missing,physical_camera,primary,dragonframe_current_coverage,Keep and audit: normalized from current Dragonframe-supported camera coverage.,P2_source_strengthen,source_url_missing,,ship
canon_eos_6d,dedicated_camera,Canon,EOS 6D,,main,,35.8,23.9,43.0447,,published,C,good_reference,yes,confirmed,compiled_spec_value,Canon specifications,,Good working value; source audit still desirable.,source_url_missing,physical_camera,primary,dragonframe_current_coverage,Keep and audit: normalized from current Dragonframe-supported camera coverage.,P2_source_strengthen,source_url_missing,,ship
canon_eos_6d_mark_ii,dedicated_camera,Canon,EOS 6D Mark II,,main,,35.9,24.0,43.1834,,published,C,good_reference,yes,confirmed,compiled_spec_value,Canon specifications,,Good working value; source audit still desirable.,source_url_missing,physical_camera,primary,dragonframe_current_coverage,Keep and audit: normalized from current Dragonframe-supported camera coverage.,P2_source_strengthen,source_url_missing,,ship
canon_eos_700d,dedicated_camera,Canon,EOS 700D,,main,,22.3,14.9,26.8198,,published,C,good_reference,yes,confirmed,compiled_spec_value,Canon specifications / technical database,,Good working value; source audit still desirable.,source_url_missing,physical_camera,primary,dragonframe_current_coverage,Keep and audit: normalized from current Dragonframe-supported camera coverage.,P2_source_strengthen,source_url_missing,,ship
canon_eos_70d,dedicated_camera,Canon,EOS 70D,,main,,22.5,15.0,27.0416,,published,C,good_reference,yes,confirmed,compiled_spec_value,Canon specifications,,Good working value; source audit still desirable.,source_url_missing,physical_camera,primary,dragonframe_current_coverage,Keep and audit: normalized from current Dragonframe-supported camera coverage.,P2_source_strengthen,source_url_missing,,ship
canon_eos_750d,dedicated_camera,Canon,EOS 750D,,main,,22.3,14.9,26.8198,,published,C,good_reference,yes,confirmed,compiled_spec_value,Canon specifications / technical database,,Good working value; source audit still desirable.,source_url_missing,physical_camera,primary,dragonframe_current_coverage,Keep and audit: normalized from current Dragonframe-supported camera coverage.,P2_source_strengthen,source_url_missing,,ship
canon_eos_760d,dedicated_camera,Canon,EOS 760D,,main,,22.3,14.9,26.8198,,published,C,good_reference,yes,confirmed,compiled_spec_value,Canon specifications / technical database,,Good working value; source audit still desirable.,source_url_missing,physical_camera,primary,dragonframe_current_coverage,Keep and audit: normalized from current Dragonframe-supported camera coverage.,P2_source_strengthen,source_url_missing,,ship
canon_eos_77d,dedicated_camera,Canon,EOS 77D,,main,,22.3,14.9,26.8198,,published,C,good_reference,yes,confirmed,compiled_spec_value,Canon specifications,,Good working value; source audit still desirable.,source_url_missing,physical_camera,primary,dragonframe_current_coverage,Keep and audit: normalized from current Dragonframe-supported camera coverage.,P2_source_strengthen,source_url_missing,,ship
canon_eos_7d,dedicated_camera,Canon,EOS 7D,,main,,22.3,14.9,26.8198,,published,C,good_reference,yes,confirmed,compiled_spec_value,Canon specifications,,Good working value; source audit still desirable.,source_url_missing,physical_camera,primary,dragonframe_current_coverage,Keep and audit: normalized from current Dragonframe-supported camera coverage.,P2_source_strengthen,source_url_missing,,ship
canon_eos_7d_mark_ii,dedicated_camera,Canon,EOS 7D Mark II,,main,,22.4,15.0,26.9585,,published,C,good_reference,yes,confirmed,compiled_spec_value,Canon specifications,,Good working value; source audit still desirable.,source_url_missing,physical_camera,primary,dragonframe_current_coverage,Keep and audit: normalized from current Dragonframe-supported camera coverage.,P2_source_strengthen,source_url_missing,,ship
canon_eos_800d,dedicated_camera,Canon,EOS 800D,,main,,22.3,14.9,26.8198,,published,C,good_reference,yes,confirmed,compiled_spec_value,Canon specifications / technical database,,Good working value; source audit still desirable.,source_url_missing,physical_camera,primary,dragonframe_current_coverage,Keep and audit: normalized from current Dragonframe-supported camera coverage.,P2_source_strengthen,source_url_missing,,ship
canon_eos_80d,dedicated_camera,Canon,EOS 80D,,main,,22.3,14.9,26.8198,,published,C,good_reference,yes,confirmed,compiled_spec_value,Canon specifications,,Good working value; source audit still desirable.,source_url_missing,physical_camera,primary,dragonframe_current_coverage,Keep and audit: normalized from current Dragonframe-supported camera coverage.,P2_source_strengthen,source_url_missing,,ship
canon_eos_850d,dedicated_camera,Canon,EOS 850D,,main,,22.3,14.9,26.8198,,published,C,good_reference,yes,confirmed,compiled_spec_value,Canon specifications / technical database,,Good working value; source audit still desirable.,source_url_missing,physical_camera,primary,dragonframe_current_coverage,Keep and audit: normalized from current Dragonframe-supported camera coverage.,P2_source_strengthen,source_url_missing,,ship
canon_eos_90d,dedicated_camera,Canon,EOS 90D,,main,,22.3,14.8,26.7643,,published,C,good_reference,yes,confirmed,compiled_spec_value,Canon specifications,,Good working value; source audit still desirable.,source_url_missing,physical_camera,primary,dragonframe_current_coverage,Keep and audit: normalized from current Dragonframe-supported camera coverage.,P2_source_strengthen,source_url_missing,,ship
canon_eos_c50,dedicated_camera,Canon,EOS C50,,main,,35.9,23.9,43.1279,,published,A,verified,yes,confirmed,primary_source_verified,Canon EOS C50 specifications,https://www.usa.canon.com/support/p/eos-c50,Use automatically.,,physical_camera,primary,dragonframe_current_coverage,Keep and audit: normalized from current Dragonframe-supported camera coverage.,P3_verified_or_secondary,,,ship
canon_eos_m200,dedicated_camera,Canon,EOS M200,,main,,22.3,14.9,26.8198,,published,C,good_reference,yes,confirmed,compiled_spec_value,Canon specifications / technical database,,Good working value; source audit still desirable.,source_url_missing,physical_camera,primary,dragonframe_current_coverage,Keep and audit: normalized from current Dragonframe-supported camera coverage.,P2_source_strengthen,source_url_missing,,ship
canon_eos_m50,dedicated_camera,Canon,EOS M50,,main,,22.3,14.9,26.8198,,published,C,good_reference,yes,confirmed,compiled_spec_value,Canon specifications / technical database,,Good working value; source audit still desirable.,source_url_missing,physical_camera,primary,dragonframe_current_coverage,Keep and audit: normalized from current Dragonframe-supported camera coverage.,P2_source_strengthen,source_url_missing,,ship
canon_eos_m50_mark_ii,dedicated_camera,Canon,EOS M50 Mark II,,main,,22.3,14.9,26.8198,,published,C,good_reference,yes,confirmed,compiled_spec_value,Canon specifications / technical database,,Good working value; source audit still desirable.,source_url_missing,physical_camera,primary,dragonframe_current_coverage,Keep and audit: normalized from current Dragonframe-supported camera coverage.,P2_source_strengthen,source_url_missing,,ship
canon_eos_m6_mark_ii,dedicated_camera,Canon,EOS M6 Mark II,,main,,22.3,14.8,26.7643,,published,C,good_reference,yes,confirmed,compiled_spec_value,Canon specifications,,Good working value; source audit still desirable.,source_url_missing,physical_camera,primary,dragonframe_current_coverage,Keep and audit: normalized from current Dragonframe-supported camera coverage.,P2_source_strengthen,source_url_missing,,ship
canon_eos_r,dedicated_camera,Canon,EOS R,,main,,36.0,24.0,43.2666,,published,C,good_reference,yes,confirmed,compiled_spec_value,Canon specifications,,Good working value; source audit still desirable.,source_url_missing,physical_camera,primary,dragonframe_current_coverage,Keep and audit: normalized from current Dragonframe-supported camera coverage.,P2_source_strengthen,source_url_missing,,ship
canon_eos_r1,dedicated_camera,Canon,EOS R1,,main,,36.0,24.0,43.2666,,published,C,good_reference,yes,confirmed,compiled_spec_value,Canon specifications,,Good working value; source audit still desirable.,source_url_missing,physical_camera,primary,dragonframe_current_coverage,Keep and audit: normalized from current Dragonframe-supported camera coverage.,P2_source_strengthen,source_url_missing,,ship
canon_eos_r10,dedicated_camera,Canon,EOS R10,,main,,22.3,14.9,26.8198,,published,C,good_reference,yes,confirmed,compiled_spec_value,Canon specifications,,Good working value; source audit still desirable.,source_url_missing,physical_camera,primary,dragonframe_current_coverage,Keep and audit: normalized from current Dragonframe-supported camera coverage.,P2_source_strengthen,source_url_missing,,ship
canon_eos_r100,dedicated_camera,Canon,EOS R100,,main,,22.3,14.9,26.8198,,published,A,verified,yes,confirmed,primary_source_verified,Canon specifications,https://www.usa.canon.com/support/p/eos-r100,Use automatically.,,physical_camera,primary,dragonframe_current_coverage,Keep and audit: normalized from current Dragonframe-supported camera coverage.,P3_verified_or_secondary,,,ship
canon_eos_r3,dedicated_camera,Canon,EOS R3,,main,,36.0,24.0,43.2666,,published,C,good_reference,yes,confirmed,compiled_spec_value,Canon specifications,,Good working value; source audit still desirable.,source_url_missing,physical_camera,primary,dragonframe_current_coverage,Keep and audit: normalized from current Dragonframe-supported camera coverage.,P2_source_strengthen,source_url_missing,,ship
canon_eos_r5,dedicated_camera,Canon,EOS R5,,main,,36.0,24.0,43.2666,,published,C,good_reference,yes,confirmed,primary_source_verified_previous_pass,Canon specifications,,Good working value; source audit still desirable.,source_url_missing,physical_camera,primary,dragonframe_current_coverage,Keep and audit: normalized from current Dragonframe-supported camera coverage.,P2_source_strengthen,source_url_missing,,ship
canon_eos_r5_c,dedicated_camera,Canon,EOS R5 C,,main,,36.0,24.0,43.2666,,published,C,good_reference,yes,confirmed,compiled_spec_value,Canon specifications,,Good working value; source audit still desirable.,source_url_missing,physical_camera,primary,dragonframe_current_coverage,Keep and audit: normalized from current Dragonframe-supported camera coverage.,P2_source_strengthen,source_url_missing,,ship
canon_eos_r5_mark_ii,dedicated_camera,Canon,EOS R5 Mark II,,main,,36.0,24.0,43.2666,,published,C,good_reference,yes,confirmed,primary_source_verified_previous_pass,Canon specifications,,Good working value; source audit still desirable.,source_url_missing,physical_camera,primary,dragonframe_current_coverage,Keep and audit: normalized from current Dragonframe-supported camera coverage.,P2_source_strengthen,source_url_missing,,ship
canon_eos_r50,dedicated_camera,Canon,EOS R50,,main,,22.3,14.9,26.8198,,published,A,verified,yes,confirmed,primary_source_verified,Canon specifications,https://www.usa.canon.com/support/p/eos-r50,Use automatically.,,physical_camera,primary,dragonframe_current_coverage,Keep and audit: normalized from current Dragonframe-supported camera coverage.,P3_verified_or_secondary,,,ship
canon_eos_r50_v,dedicated_camera,Canon,EOS R50 V,,main,,22.3,14.9,26.8198,,published,C,good_reference,yes,confirmed,compiled_spec_value,Canon specifications,,Good working value; source audit still desirable.,source_url_missing,physical_camera,primary,dragonframe_current_coverage,Keep and audit: normalized from current Dragonframe-supported camera coverage.,P2_source_strengthen,source_url_missing,,ship
canon_eos_r6,dedicated_camera,Canon,EOS R6,,main,,35.9,23.9,43.1279,,published,C,good_reference,yes,confirmed,compiled_spec_value,Canon specifications,,Good working value; source audit still desirable.,source_url_missing,physical_camera,primary,dragonframe_current_coverage,Keep and audit: normalized from current Dragonframe-supported camera coverage.,P2_source_strengthen,source_url_missing,,ship
canon_eos_r6_mark_ii,dedicated_camera,Canon,EOS R6 Mark II,,main,,35.9,23.9,43.1279,,published,C,good_reference,yes,confirmed,primary_source_verified_previous_pass,Canon specifications,,Good working value; source audit still desirable.,source_url_missing,physical_camera,primary,dragonframe_current_coverage,Keep and audit: normalized from current Dragonframe-supported camera coverage.,P2_source_strengthen,source_url_missing,,ship
canon_eos_r6_mark_iii,dedicated_camera,Canon,EOS R6 Mark III,,main,,35.9,23.9,43.1279,,published,A,verified,yes,confirmed,primary_source_verified,Canon specifications,https://www.usa.canon.com/support/p/eos-r6-mark-iii,Use automatically.,,physical_camera,primary,dragonframe_current_coverage,Keep and audit: normalized from current Dragonframe-supported camera coverage.,P3_verified_or_secondary,,,ship
canon_eos_r6_mark_v,dedicated_camera,Canon,EOS R6 V,,main,,35.9,23.9,43.1279,,published,A,verified,yes,confirmed,primary_source_verified,Canon EOS R6 V Product Manual — Specifications,https://cam.start.canon/en/C023/manual/html/UG-11_Reference_0080.html,Use automatically.,,Dragonframe currently labels this entry EOS R6 Mark V; Canon product/manual name is EOS R6 V. Preserve Dragonframe alias.,primary,dragonframe_current_coverage,Keep and audit: normalized from current Dragonframe-supported camera coverage.,P3_verified_or_secondary,,,ship
canon_eos_r7,dedicated_camera,Canon,EOS R7,,main,,22.3,14.8,26.7643,,published,C,good_reference,yes,confirmed,primary_source_verified_previous_pass,Canon specifications,,Good working value; source audit still desirable.,source_url_missing,physical_camera,primary,dragonframe_current_coverage,Keep and audit: normalized from current Dragonframe-supported camera coverage.,P2_source_strengthen,source_url_missing,,ship
canon_eos_r8,dedicated_camera,Canon,EOS R8,,main,,35.9,23.9,43.1279,,published,C,good_reference,yes,confirmed,compiled_spec_value,Canon specifications,,Good working value; source audit still desirable.,source_url_missing,physical_camera,primary,dragonframe_current_coverage,Keep and audit: normalized from current Dragonframe-supported camera coverage.,P2_source_strengthen,source_url_missing,,ship
canon_eos_rp,dedicated_camera,Canon,EOS RP,,main,,35.9,23.9,43.1279,,published,C,good_reference,yes,confirmed,compiled_spec_value,Canon specifications,,Good working value; source audit still desirable.,source_url_missing,physical_camera,primary,dragonframe_current_coverage,Keep and audit: normalized from current Dragonframe-supported camera coverage.,P2_source_strengthen,source_url_missing,,ship
fujifilm_gfx_100,dedicated_camera,Fujifilm,GFX 100,,main,,43.8,32.9,54.78,,published,C,good_reference,yes,confirmed,primary_source_verified_previous_pass,Fujifilm specifications,,Good working value; source audit still desirable.,source_url_missing,physical_camera,primary,dragonframe_current_coverage,Keep and audit: normalized from current Dragonframe-supported camera coverage.,P2_source_strengthen,source_url_missing,,ship
fujifilm_gfx_100_ii,dedicated_camera,Fujifilm,GFX 100 II,,main,,43.8,32.9,54.78,,published,C,good_reference,yes,confirmed,primary_source_verified_previous_pass,Fujifilm specifications,,Good working value; source audit still desirable.,source_url_missing,physical_camera,primary,dragonframe_current_coverage,Keep and audit: normalized from current Dragonframe-supported camera coverage.,P2_source_strengthen,source_url_missing,,ship
fujifilm_gfx_100s,dedicated_camera,Fujifilm,GFX 100S,,main,,43.8,32.9,54.78,,published,C,good_reference,yes,confirmed,compiled_spec_value,Fujifilm specifications,,Good working value; source audit still desirable.,source_url_missing,physical_camera,primary,dragonframe_current_coverage,Keep and audit: normalized from current Dragonframe-supported camera coverage.,P2_source_strengthen,source_url_missing,,ship
fujifilm_gfx_100s_ii,dedicated_camera,Fujifilm,GFX 100S II,,main,,43.8,32.9,54.78,,published,C,good_reference,yes,confirmed,compiled_spec_value,Fujifilm specifications,,Good working value; source audit still desirable.,source_url_missing,physical_camera,primary,dragonframe_current_coverage,Keep and audit: normalized from current Dragonframe-supported camera coverage.,P2_source_strengthen,source_url_missing,,ship
fujifilm_gfx_50r,dedicated_camera,Fujifilm,GFX 50R,,main,,43.8,32.9,54.78,,published,C,good_reference,yes,confirmed,compiled_spec_value,Fujifilm specifications,,Good working value; source audit still desirable.,source_url_missing,physical_camera,primary,dragonframe_current_coverage,Keep and audit: normalized from current Dragonframe-supported camera coverage.,P2_source_strengthen,source_url_missing,,ship
fujifilm_gfx_50s,dedicated_camera,Fujifilm,GFX 50S,,main,,43.8,32.9,54.78,,published,C,good_reference,yes,confirmed,compiled_spec_value,Fujifilm specifications,,Good working value; source audit still desirable.,source_url_missing,physical_camera,primary,dragonframe_current_coverage,Keep and audit: normalized from current Dragonframe-supported camera coverage.,P2_source_strengthen,source_url_missing,,ship
fujifilm_x_h1,dedicated_camera,Fujifilm,X-H1,,main,,23.5,15.6,28.2066,,published,C,good_reference,yes,confirmed,compiled_spec_value,Fujifilm specifications,,Good working value; source audit still desirable.,source_url_missing,physical_camera,primary,dragonframe_current_coverage,Keep and audit: normalized from current Dragonframe-supported camera coverage.,P2_source_strengthen,source_url_missing,,ship
fujifilm_x_h2,dedicated_camera,Fujifilm,X-H2,,main,,23.5,15.6,28.2066,,published,C,good_reference,yes,confirmed,compiled_spec_value,Fujifilm specifications,,Good working value; source audit still desirable.,source_url_missing,physical_camera,primary,dragonframe_current_coverage,Keep and audit: normalized from current Dragonframe-supported camera coverage.,P2_source_strengthen,source_url_missing,,ship
fujifilm_x_h2s,dedicated_camera,Fujifilm,X-H2S,,main,,23.5,15.6,28.2066,,published,C,good_reference,yes,confirmed,primary_source_verified_previous_pass,Fujifilm specifications,,Good working value; source audit still desirable.,source_url_missing,physical_camera,primary,dragonframe_current_coverage,Keep and audit: normalized from current Dragonframe-supported camera coverage.,P2_source_strengthen,source_url_missing,,ship
fujifilm_x_m5,dedicated_camera,Fujifilm,X-M5,,main,,23.5,15.6,28.2066,,published,C,good_reference,yes,confirmed,compiled_spec_value,Fujifilm specifications,,Good working value; source audit still desirable.,source_url_missing,physical_camera,primary,dragonframe_current_coverage,Keep and audit: normalized from current Dragonframe-supported camera coverage.,P2_source_strengthen,source_url_missing,,ship
fujifilm_x_pro2,dedicated_camera,Fujifilm,X-Pro2,,main,,23.6,15.6,28.2899,,published,C,good_reference,yes,confirmed,compiled_spec_value,Fujifilm specifications,,Good working value; source audit still desirable.,source_url_missing,physical_camera,primary,dragonframe_current_coverage,Keep and audit: normalized from current Dragonframe-supported camera coverage.,P2_source_strengthen,source_url_missing,,ship
fujifilm_x_pro3,dedicated_camera,Fujifilm,X-Pro3,,main,,23.5,15.6,28.2066,,published,C,good_reference,yes,confirmed,compiled_spec_value,Fujifilm specifications,,Good working value; source audit still desirable.,source_url_missing,physical_camera,primary,dragonframe_current_coverage,Keep and audit: normalized from current Dragonframe-supported camera coverage.,P2_source_strengthen,source_url_missing,,ship
fujifilm_x_s10,dedicated_camera,Fujifilm,X-S10,,main,,23.5,15.6,28.2066,,published,C,good_reference,yes,confirmed,compiled_spec_value,Fujifilm specifications,,Good working value; source audit still desirable.,source_url_missing,physical_camera,primary,dragonframe_current_coverage,Keep and audit: normalized from current Dragonframe-supported camera coverage.,P2_source_strengthen,source_url_missing,,ship
fujifilm_x_s20,dedicated_camera,Fujifilm,X-S20,,main,,23.5,15.6,28.2066,,published,C,good_reference,yes,confirmed,compiled_spec_value,Fujifilm specifications,,Good working value; source audit still desirable.,source_url_missing,physical_camera,primary,dragonframe_current_coverage,Keep and audit: normalized from current Dragonframe-supported camera coverage.,P2_source_strengthen,source_url_missing,,ship
fujifilm_x_t1,dedicated_camera,Fujifilm,X-T1,,main,,23.6,15.6,28.2899,,published,C,good_reference,yes,confirmed,compiled_spec_value,Fujifilm specifications,,Good working value; source audit still desirable.,source_url_missing,physical_camera,primary,dragonframe_current_coverage,Keep and audit: normalized from current Dragonframe-supported camera coverage.,P2_source_strengthen,source_url_missing,,ship
fujifilm_x_t2,dedicated_camera,Fujifilm,X-T2,,main,,23.6,15.6,28.2899,,published,C,good_reference,yes,confirmed,compiled_spec_value,Fujifilm specifications,,Good working value; source audit still desirable.,source_url_missing,physical_camera,primary,dragonframe_current_coverage,Keep and audit: normalized from current Dragonframe-supported camera coverage.,P2_source_strengthen,source_url_missing,,ship
fujifilm_x_t3,dedicated_camera,Fujifilm,X-T3,,main,,23.5,15.6,28.2066,,published,C,good_reference,yes,confirmed,compiled_spec_value,Fujifilm specifications,,Good working value; source audit still desirable.,source_url_missing,physical_camera,primary,dragonframe_current_coverage,Keep and audit: normalized from current Dragonframe-supported camera coverage.,P2_source_strengthen,source_url_missing,,ship
fujifilm_x_t4,dedicated_camera,Fujifilm,X-T4,,main,,23.5,15.6,28.2066,,published,C,good_reference,yes,confirmed,compiled_spec_value,Fujifilm specifications,,Good working value; source audit still desirable.,source_url_missing,physical_camera,primary,dragonframe_current_coverage,Keep and audit: normalized from current Dragonframe-supported camera coverage.,P2_source_strengthen,source_url_missing,,ship
fujifilm_x_t5,dedicated_camera,Fujifilm,X-T5,,main,,23.5,15.6,28.2066,,published,C,good_reference,yes,confirmed,primary_source_verified_previous_pass,Fujifilm specifications,,Good working value; source audit still desirable.,source_url_missing,physical_camera,primary,dragonframe_current_coverage,Keep and audit: normalized from current Dragonframe-supported camera coverage.,P2_source_strengthen,source_url_missing,,ship
insta360_x3,dedicated_camera,Insta360,X3,,main,,6.4,4.8,8.0,,inferred,C,good_estimate,yes,provisional,inferred_from_published_sensor_class,1/2-inch sensor class; dimensions inferred from optical format,,Use automatically as estimated geometry; retain provenance and estimated status.,source_url_missing;provisional_guess,physical_camera v0.1 cutoff: retained as best-available working geometry; future source strengthening is non-blocking.,primary,dragonframe_current_coverage,Keep and audit: normalized from current Dragonframe-supported camera coverage.,P1_guess,source_url_missing;provisional_guess,,ship
insta360_x4,dedicated_camera,Insta360,X4,,main,,6.4,4.8,8.0,,inferred,C,good_estimate,yes,provisional,inferred_from_published_sensor_class,1/2-inch sensor class; dimensions inferred from optical format,,Use automatically as estimated geometry; retain provenance and estimated status.,source_url_missing;provisional_guess,physical_camera v0.1 cutoff: retained as best-available working geometry; future source strengthening is non-blocking.,primary,dragonframe_current_coverage,Keep and audit: normalized from current Dragonframe-supported camera coverage.,P1_guess,source_url_missing;provisional_guess,,ship
insta360_x4_air,dedicated_camera,Insta360,X4 Air,,main,,7.18,5.32,8.9362,,inferred,C,good_estimate,yes,provisional,inferred_from_published_sensor_class,1/1.8-inch sensor class; dimensions inferred from optical format,,Use automatically as estimated geometry; retain provenance and estimated status.,source_url_missing;provisional_guess,physical_camera v0.1 cutoff: retained as best-available working geometry; future source strengthening is non-blocking.,primary,dragonframe_current_coverage,Keep and audit: normalized from current Dragonframe-supported camera coverage.,P1_guess,source_url_missing;provisional_guess,,ship
insta360_x5,dedicated_camera,Insta360,X5,,main,,9.96,7.47,12.45,,inferred,C,good_estimate,yes,provisional,inferred_from_published_sensor_class,1/1.28-inch sensor class; dimensions inferred from optical format,,Use automatically as estimated geometry; retain provenance and estimated status.,source_url_missing;provisional_guess,physical_camera v0.1 cutoff: retained as best-available working geometry; future source strengthening is non-blocking.,primary,dragonframe_current_coverage,Keep and audit: normalized from current Dragonframe-supported camera coverage.,P1_guess,source_url_missing;provisional_guess,,ship
intel_realsense_depth_camera_d415,dedicated_camera,Intel RealSense,Depth Camera D415,,rgb,OmniVision OV2740,2.688,1.512,3.0841,1920x1080 active RGB; OV2740; 1.4 µm pixel pitch,active_raster_x_pixel_pitch,B,strong_derived,yes,probable,manufacturer_data_derived,Intel RealSense D400 Series Datasheet / RealSense support,https://www.intelrealsense.com/wp-content/uploads/2022/04/Intel-RealSense-D400-Series-Datasheet-April-2022.pdf,Use RGB module geometry automatically; do not treat depth imagers as the capture sensor.,,D415/D435 RGB module uses OV2740. Geometry derived from active raster × sensor pixel pitch.,primary,dragonframe_current_coverage,Keep and audit: normalized from current Dragonframe-supported camera coverage.,P3_verified_or_secondary,,,ship
intel_realsense_depth_camera_d435,dedicated_camera,Intel RealSense,Depth Camera D435,,rgb,OmniVision OV2740,2.688,1.512,3.0841,1920x1080 active RGB; OV2740; 1.4 µm pixel pitch,active_raster_x_pixel_pitch,B,strong_derived,yes,probable,manufacturer_data_derived,Intel RealSense D400 Series Datasheet / RealSense support,https://www.intelrealsense.com/wp-content/uploads/2022/04/Intel-RealSense-D400-Series-Datasheet-April-2022.pdf,Use RGB module geometry automatically; do not treat depth imagers as the capture sensor.,,D415/D435 RGB module uses OV2740. Geometry derived from active raster × sensor pixel pitch.,primary,dragonframe_current_coverage,Keep and audit: normalized from current Dragonframe-supported camera coverage.,P3_verified_or_secondary,,,ship
intel_realsense_depth_camera_d455,dedicated_camera,Intel RealSense,Depth Camera D455,,rgb,OmniVision OV9782,3.84,2.4,4.5283,OV9782 RGB; 1280x800 class; 3 µm pixel pitch,active_raster_x_pixel_pitch,B,strong_derived,yes,probable,sensor_identity_verified_geometry_derived,Intel RealSense D400 documentation / OV9782 sensor specification,https://support.realsenseai.com/hc/en-us/community/posts/1500000478421-D455-RGB-sensor-confirmation,Use RGB module geometry automatically; preserve derived provenance.,,"D455 is multi-sensor. This record is specifically the color/RGB OV9782 imager, not the stereo depth pair.",primary,dragonframe_current_coverage,Keep and audit: normalized from current Dragonframe-supported camera coverage.,P3_verified_or_secondary,,,ship
leica_sl,dedicated_camera,Leica,SL,,main,,36.0,24.0,43.2666,,published,C,good_reference,yes,confirmed,compiled_spec_value,Leica specifications,,Good working value; source audit still desirable.,source_url_missing,physical_camera,primary,dragonframe_current_coverage,Keep and audit: normalized from current Dragonframe-supported camera coverage.,P2_source_strengthen,source_url_missing,,ship
leica_sl2,dedicated_camera,Leica,SL2,,main,,36.0,24.0,43.2666,,published,C,good_reference,yes,confirmed,compiled_spec_value,Leica specifications,,Good working value; source audit still desirable.,source_url_missing,physical_camera,primary,dragonframe_current_coverage,Keep and audit: normalized from current Dragonframe-supported camera coverage.,P2_source_strengthen,source_url_missing,,ship
leica_sl2_s,dedicated_camera,Leica,SL2-S,,main,,35.9,24.0,43.1834,,published,C,good_reference,yes,confirmed,compiled_spec_value,Leica specifications,,Good working value; source audit still desirable.,source_url_missing,physical_camera,primary,dragonframe_current_coverage,Keep and audit: normalized from current Dragonframe-supported camera coverage.,P2_source_strengthen,source_url_missing,,ship
logitech_brio,dedicated_camera,Logitech,BRIO,,main,,6.4,4.8,8.0,,inferred,C,good_estimate,yes,provisional,inferred_from_published_sensor_class,1/2-inch sensor class; dimensions inferred from optical format,,Use automatically as estimated geometry; retain provenance and estimated status.,source_url_missing;provisional_guess,physical_camera v0.1 cutoff: retained as best-available working geometry; future source strengthening is non-blocking.,primary,dragonframe_current_coverage,Keep and audit: normalized from current Dragonframe-supported camera coverage.,P1_guess,source_url_missing;provisional_guess,,ship
logitech_brio_4k,dedicated_camera,Logitech,BRIO 4K,,main,,6.4,4.8,8.0,,inferred,C,good_estimate,yes,provisional,inferred_from_published_sensor_class,1/2-inch sensor class; dimensions inferred from optical format,,Use automatically as estimated geometry; retain provenance and estimated status.,source_url_missing;provisional_guess,physical_camera v0.1 cutoff: retained as best-available working geometry; future source strengthening is non-blocking.,primary,dragonframe_current_coverage,Keep and audit: normalized from current Dragonframe-supported camera coverage.,P1_guess,source_url_missing;provisional_guess,,ship
logitech_c920,dedicated_camera,Logitech,C920,,main,,4.8,3.6,6.0,,inferred,C,good_estimate,yes,provisional,inferred_from_published_sensor_class,1/3-inch sensor class; dimensions inferred from optical format,,Use automatically as estimated geometry; retain provenance and estimated status.,source_url_missing;provisional_guess,physical_camera v0.1 cutoff: retained as best-available working geometry; future source strengthening is non-blocking.,primary,dragonframe_current_coverage,Keep and audit: normalized from current Dragonframe-supported camera coverage.,P1_guess,source_url_missing;provisional_guess,,ship
logitech_c922,dedicated_camera,Logitech,C922,,main,,4.8,3.6,6.0,,inferred,C,good_estimate,yes,provisional,inferred_from_published_sensor_class,1/3-inch sensor class; dimensions inferred from optical format,,Use automatically as estimated geometry; retain provenance and estimated status.,source_url_missing;provisional_guess,physical_camera v0.1 cutoff: retained as best-available working geometry; future source strengthening is non-blocking.,primary,dragonframe_current_coverage,Keep and audit: normalized from current Dragonframe-supported camera coverage.,P1_guess,source_url_missing;provisional_guess,,ship
logitech_c930,dedicated_camera,Logitech,C930,,main,,4.8,3.6,6.0,,inferred,C,good_estimate,yes,provisional,inferred_from_published_sensor_class,1/3-inch sensor class; dimensions inferred from optical format,,Use automatically as estimated geometry; retain provenance and estimated status.,source_url_missing;provisional_guess,physical_camera v0.1 cutoff: retained as best-available working geometry; future source strengthening is non-blocking.,primary,dragonframe_current_coverage,Keep and audit: normalized from current Dragonframe-supported camera coverage.,P1_guess,source_url_missing;provisional_guess,,ship
nikon_d100,dedicated_camera,Nikon,D100,,main,,23.7,15.6,28.3734,,published,C,good_reference,yes,confirmed,compiled_spec_value,Nikon specifications / technical database,,Good working value; source audit still desirable.,source_url_missing,physical_camera,primary,dragonframe_current_coverage,Keep and audit: normalized from current Dragonframe-supported camera coverage.,P2_source_strengthen,source_url_missing,,ship
nikon_d200,dedicated_camera,Nikon,D200,,main,,23.6,15.8,28.4007,,published,C,good_reference,yes,confirmed,compiled_spec_value,Nikon specifications / technical database,,Good working value; source audit still desirable.,source_url_missing,physical_camera,primary,dragonframe_current_coverage,Keep and audit: normalized from current Dragonframe-supported camera coverage.,P2_source_strengthen,source_url_missing,,ship
nikon_d2x,dedicated_camera,Nikon,D2X,,main,,23.7,15.7,28.4285,,published,C,good_reference,yes,confirmed,compiled_spec_value,Nikon specifications,,Good working value; source audit still desirable.,source_url_missing,physical_camera,primary,dragonframe_current_coverage,Keep and audit: normalized from current Dragonframe-supported camera coverage.,P2_source_strengthen,source_url_missing,,ship
nikon_d3,dedicated_camera,Nikon,D3,,main,,36.0,23.9,43.2112,,published,C,good_reference,yes,confirmed,compiled_spec_value,Nikon specifications,,Good working value; source audit still desirable.,source_url_missing,physical_camera,primary,dragonframe_current_coverage,Keep and audit: normalized from current Dragonframe-supported camera coverage.,P2_source_strengthen,source_url_missing,,ship
nikon_d300,dedicated_camera,Nikon,D300,,main,,23.6,15.8,28.4007,,published,C,good_reference,yes,confirmed,compiled_spec_value,Nikon specifications / technical database,,Good working value; source audit still desirable.,source_url_missing,physical_camera,primary,dragonframe_current_coverage,Keep and audit: normalized from current Dragonframe-supported camera coverage.,P2_source_strengthen,source_url_missing,,ship
nikon_d300s,dedicated_camera,Nikon,D300S,,main,,23.6,15.8,28.4007,,published,C,good_reference,yes,confirmed,compiled_spec_value,Nikon specifications / technical database,,Good working value; source audit still desirable.,source_url_missing,physical_camera,primary,dragonframe_current_coverage,Keep and audit: normalized from current Dragonframe-supported camera coverage.,P2_source_strengthen,source_url_missing,,ship
nikon_d3200,dedicated_camera,Nikon,D3200,,main,,23.2,15.4,27.846,,published,C,good_reference,yes,confirmed,compiled_spec_value,Nikon specifications,,Good working value; source audit still desirable.,source_url_missing,physical_camera,primary,dragonframe_current_coverage,Keep and audit: normalized from current Dragonframe-supported camera coverage.,P2_source_strengthen,source_url_missing,,ship
nikon_d3300,dedicated_camera,Nikon,D3300,,main,,23.5,15.6,28.2066,,published,C,good_reference,yes,confirmed,compiled_spec_value,Nikon specifications,,Good working value; source audit still desirable.,source_url_missing,physical_camera,primary,dragonframe_current_coverage,Keep and audit: normalized from current Dragonframe-supported camera coverage.,P2_source_strengthen,source_url_missing,,ship
nikon_d3400,dedicated_camera,Nikon,D3400,,main,,23.5,15.6,28.2066,,published,C,good_reference,yes,confirmed,compiled_spec_value,Nikon specifications,,Good working value; source audit still desirable.,source_url_missing,physical_camera,primary,dragonframe_current_coverage,Keep and audit: normalized from current Dragonframe-supported camera coverage.,P2_source_strengthen,source_url_missing,,ship
nikon_d3500,dedicated_camera,Nikon,D3500,,main,,23.5,15.6,28.2066,,published,C,good_reference,yes,confirmed,compiled_spec_value,Nikon specifications,,Good working value; source audit still desirable.,source_url_missing,physical_camera,primary,dragonframe_current_coverage,Keep and audit: normalized from current Dragonframe-supported camera coverage.,P2_source_strengthen,source_url_missing,,ship
nikon_d3s,dedicated_camera,Nikon,D3S,,main,,36.0,23.9,43.2112,,published,C,good_reference,yes,confirmed,compiled_spec_value,Nikon specifications,,Good working value; source audit still desirable.,source_url_missing,physical_camera,primary,dragonframe_current_coverage,Keep and audit: normalized from current Dragonframe-supported camera coverage.,P2_source_strengthen,source_url_missing,,ship
nikon_d3x,dedicated_camera,Nikon,D3X,,main,,35.9,24.0,43.1834,,published,C,good_reference,yes,confirmed,compiled_spec_value,Nikon specifications,,Good working value; source audit still desirable.,source_url_missing,physical_camera,primary,dragonframe_current_coverage,Keep and audit: normalized from current Dragonframe-supported camera coverage.,P2_source_strengthen,source_url_missing,,ship
nikon_d4,dedicated_camera,Nikon,D4,,main,,36.0,23.9,43.2112,,published,C,good_reference,yes,confirmed,compiled_spec_value,Nikon specifications,,Good working value; source audit still desirable.,source_url_missing,physical_camera,primary,dragonframe_current_coverage,Keep and audit: normalized from current Dragonframe-supported camera coverage.,P2_source_strengthen,source_url_missing,,ship
nikon_d40,dedicated_camera,Nikon,D40,,main,,23.7,15.6,28.3734,,published,C,good_reference,yes,confirmed,compiled_spec_value,Nikon specifications / technical database,,Good working value; source audit still desirable.,source_url_missing,physical_camera,primary,dragonframe_current_coverage,Keep and audit: normalized from current Dragonframe-supported camera coverage.,P2_source_strengthen,source_url_missing,,ship
nikon_d40x,dedicated_camera,Nikon,D40X,,main,,23.6,15.8,28.4007,,published,C,good_reference,yes,confirmed,compiled_spec_value,Nikon specifications / technical database,,Good working value; source audit still desirable.,source_url_missing,physical_camera,primary,dragonframe_current_coverage,Keep and audit: normalized from current Dragonframe-supported camera coverage.,P2_source_strengthen,source_url_missing,,ship
nikon_d4s,dedicated_camera,Nikon,D4S,,main,,36.0,23.9,43.2112,,published,C,good_reference,yes,confirmed,compiled_spec_value,Nikon specifications,,Good working value; source audit still desirable.,source_url_missing,physical_camera,primary,dragonframe_current_coverage,Keep and audit: normalized from current Dragonframe-supported camera coverage.,P2_source_strengthen,source_url_missing,,ship
nikon_d5,dedicated_camera,Nikon,D5,,main,,35.9,23.9,43.1279,,published,C,good_reference,yes,confirmed,compiled_spec_value,Nikon specifications,,Good working value; source audit still desirable.,source_url_missing,physical_camera,primary,dragonframe_current_coverage,Keep and audit: normalized from current Dragonframe-supported camera coverage.,P2_source_strengthen,source_url_missing,,ship
nikon_d50,dedicated_camera,Nikon,D50,,main,,23.7,15.6,28.3734,,published,C,good_reference,yes,confirmed,compiled_spec_value,Nikon specifications / technical database,,Good working value; source audit still desirable.,source_url_missing,physical_camera,primary,dragonframe_current_coverage,Keep and audit: normalized from current Dragonframe-supported camera coverage.,P2_source_strengthen,source_url_missing,,ship
nikon_d500,dedicated_camera,Nikon,D500,,main,,23.5,15.7,28.262,,published,C,good_reference,yes,confirmed,compiled_spec_value,Nikon specifications,,Good working value; source audit still desirable.,source_url_missing,physical_camera,primary,dragonframe_current_coverage,Keep and audit: normalized from current Dragonframe-supported camera coverage.,P2_source_strengthen,source_url_missing,,ship
nikon_d5000,dedicated_camera,Nikon,D5000,,main,,23.6,15.8,28.4007,,published,C,good_reference,yes,confirmed,compiled_spec_value,Nikon specifications / technical database,,Good working value; source audit still desirable.,source_url_missing,physical_camera,primary,dragonframe_current_coverage,Keep and audit: normalized from current Dragonframe-supported camera coverage.,P2_source_strengthen,source_url_missing,,ship
nikon_d5100,dedicated_camera,Nikon,D5100,,main,,23.6,15.6,28.2899,,published,C,good_reference,yes,confirmed,compiled_spec_value,Nikon specifications,,Good working value; source audit still desirable.,source_url_missing,physical_camera,primary,dragonframe_current_coverage,Keep and audit: normalized from current Dragonframe-supported camera coverage.,P2_source_strengthen,source_url_missing,,ship
nikon_d5200,dedicated_camera,Nikon,D5200,,main,,23.5,15.6,28.2066,,published,C,good_reference,yes,confirmed,compiled_spec_value,Nikon specifications,,Good working value; source audit still desirable.,source_url_missing,physical_camera,primary,dragonframe_current_coverage,Keep and audit: normalized from current Dragonframe-supported camera coverage.,P2_source_strengthen,source_url_missing,,ship
nikon_d5300,dedicated_camera,Nikon,D5300,,main,,23.5,15.6,28.2066,,published,C,good_reference,yes,confirmed,compiled_spec_value,Nikon specifications,,Good working value; source audit still desirable.,source_url_missing,physical_camera,primary,dragonframe_current_coverage,Keep and audit: normalized from current Dragonframe-supported camera coverage.,P2_source_strengthen,source_url_missing,,ship
nikon_d5500,dedicated_camera,Nikon,D5500,,main,,23.5,15.6,28.2066,,published,C,good_reference,yes,confirmed,compiled_spec_value,Nikon specifications,,Good working value; source audit still desirable.,source_url_missing,physical_camera,primary,dragonframe_current_coverage,Keep and audit: normalized from current Dragonframe-supported camera coverage.,P2_source_strengthen,source_url_missing,,ship
nikon_d5600,dedicated_camera,Nikon,D5600,,main,,23.5,15.6,28.2066,,published,C,good_reference,yes,confirmed,compiled_spec_value,Nikon specifications,,Good working value; source audit still desirable.,source_url_missing,physical_camera,primary,dragonframe_current_coverage,Keep and audit: normalized from current Dragonframe-supported camera coverage.,P2_source_strengthen,source_url_missing,,ship
nikon_d60,dedicated_camera,Nikon,D60,,main,,23.6,15.8,28.4007,,published,C,good_reference,yes,confirmed,compiled_spec_value,Nikon specifications / technical database,,Good working value; source audit still desirable.,source_url_missing,physical_camera,primary,dragonframe_current_coverage,Keep and audit: normalized from current Dragonframe-supported camera coverage.,P2_source_strengthen,source_url_missing,,ship
nikon_d600,dedicated_camera,Nikon,D600,,main,,35.9,24.0,43.1834,,published,C,good_reference,yes,confirmed,compiled_spec_value,Nikon specifications,,Good working value; source audit still desirable.,source_url_missing,physical_camera,primary,dragonframe_current_coverage,Keep and audit: normalized from current Dragonframe-supported camera coverage.,P2_source_strengthen,source_url_missing,,ship
nikon_d610,dedicated_camera,Nikon,D610,,main,,35.9,24.0,43.1834,,published,C,good_reference,yes,confirmed,compiled_spec_value,Nikon specifications,,Good working value; source audit still desirable.,source_url_missing,physical_camera,primary,dragonframe_current_coverage,Keep and audit: normalized from current Dragonframe-supported camera coverage.,P2_source_strengthen,source_url_missing,,ship
nikon_d70,dedicated_camera,Nikon,D70,,main,,23.7,15.6,28.3734,,published,C,good_reference,yes,confirmed,compiled_spec_value,Nikon specifications / technical database,,Good working value; source audit still desirable.,source_url_missing,physical_camera,primary,dragonframe_current_coverage,Keep and audit: normalized from current Dragonframe-supported camera coverage.,P2_source_strengthen,source_url_missing,,ship
nikon_d700,dedicated_camera,Nikon,D700,,main,,36.0,23.9,43.2112,,published,C,good_reference,yes,confirmed,compiled_spec_value,Nikon specifications,,Good working value; source audit still desirable.,source_url_missing,physical_camera,primary,dragonframe_current_coverage,Keep and audit: normalized from current Dragonframe-supported camera coverage.,P2_source_strengthen,source_url_missing,,ship
nikon_d7000,dedicated_camera,Nikon,D7000,,main,,23.6,15.6,28.2899,,published,C,good_reference,yes,confirmed,compiled_spec_value,Nikon specifications,,Good working value; source audit still desirable.,source_url_missing,physical_camera,primary,dragonframe_current_coverage,Keep and audit: normalized from current Dragonframe-supported camera coverage.,P2_source_strengthen,source_url_missing,,ship
nikon_d70s,dedicated_camera,Nikon,D70s,,main,,23.7,15.6,28.3734,,published,C,good_reference,yes,confirmed,compiled_spec_value,Nikon specifications / technical database,,Good working value; source audit still desirable.,source_url_missing,physical_camera,primary,dragonframe_current_coverage,Keep and audit: normalized from current Dragonframe-supported camera coverage.,P2_source_strengthen,source_url_missing,,ship
nikon_d7100,dedicated_camera,Nikon,D7100,,main,,23.5,15.6,28.2066,,published,C,good_reference,yes,confirmed,compiled_spec_value,Nikon specifications,,Good working value; source audit still desirable.,source_url_missing,physical_camera,primary,dragonframe_current_coverage,Keep and audit: normalized from current Dragonframe-supported camera coverage.,P2_source_strengthen,source_url_missing,,ship
nikon_d7200,dedicated_camera,Nikon,D7200,,main,,23.5,15.6,28.2066,,published,C,good_reference,yes,confirmed,compiled_spec_value,Nikon specifications,,Good working value; source audit still desirable.,source_url_missing,physical_camera,primary,dragonframe_current_coverage,Keep and audit: normalized from current Dragonframe-supported camera coverage.,P2_source_strengthen,source_url_missing,,ship
nikon_d750,dedicated_camera,Nikon,D750,,main,,35.9,24.0,43.1834,,published,C,good_reference,yes,confirmed,compiled_spec_value,Nikon specifications,,Good working value; source audit still desirable.,source_url_missing,physical_camera,primary,dragonframe_current_coverage,Keep and audit: normalized from current Dragonframe-supported camera coverage.,P2_source_strengthen,source_url_missing,,ship
nikon_d7500,dedicated_camera,Nikon,D7500,,main,,23.5,15.6,28.2066,,published,A,verified,yes,confirmed,primary_source_verified,Nikon specifications,https://www.nikonusa.com/p/d7500/1582/overview,Use automatically.,,physical_camera,primary,dragonframe_current_coverage,Keep and audit: normalized from current Dragonframe-supported camera coverage.,P3_verified_or_secondary,,,ship
nikon_d780,dedicated_camera,Nikon,D780,,main,,35.9,23.9,43.1279,,published,C,good_reference,yes,confirmed,compiled_spec_value,Nikon specifications,,Good working value; source audit still desirable.,source_url_missing,physical_camera,primary,dragonframe_current_coverage,Keep and audit: normalized from current Dragonframe-supported camera coverage.,P2_source_strengthen,source_url_missing,,ship
nikon_d80,dedicated_camera,Nikon,D80,,main,,23.6,15.8,28.4007,,published,C,good_reference,yes,confirmed,compiled_spec_value,Nikon specifications / technical database,,Good working value; source audit still desirable.,source_url_missing,physical_camera,primary,dragonframe_current_coverage,Keep and audit: normalized from current Dragonframe-supported camera coverage.,P2_source_strengthen,source_url_missing,,ship
nikon_d800,dedicated_camera,Nikon,D800,,main,,35.9,24.0,43.1834,,published,C,good_reference,yes,confirmed,compiled_spec_value,Nikon specifications,,Good working value; source audit still desirable.,source_url_missing,physical_camera,primary,dragonframe_current_coverage,Keep and audit: normalized from current Dragonframe-supported camera coverage.,P2_source_strengthen,source_url_missing,,ship
nikon_d800e,dedicated_camera,Nikon,D800e,,main,,35.9,24.0,43.1834,,published,C,good_reference,yes,confirmed,compiled_spec_value,Nikon specifications,,Good working value; source audit still desirable.,source_url_missing,physical_camera,primary,dragonframe_current_coverage,Keep and audit: normalized from current Dragonframe-supported camera coverage.,P2_source_strengthen,source_url_missing,,ship
nikon_d810,dedicated_camera,Nikon,D810,,main,,35.9,24.0,43.1834,,published,C,good_reference,yes,confirmed,compiled_spec_value,Nikon specifications,,Good working value; source audit still desirable.,source_url_missing,physical_camera,primary,dragonframe_current_coverage,Keep and audit: normalized from current Dragonframe-supported camera coverage.,P2_source_strengthen,source_url_missing,,ship
nikon_d850,dedicated_camera,Nikon,D850,,main,,35.9,23.9,43.1279,,published,A,verified,yes,confirmed,primary_source_verified,Nikon specifications,https://www.nikonusa.com/p/d850/1585/overview,Use automatically.,,physical_camera,primary,dragonframe_current_coverage,Keep and audit: normalized from current Dragonframe-supported camera coverage.,P3_verified_or_secondary,,,ship
nikon_d90,dedicated_camera,Nikon,D90,,main,,23.6,15.8,28.4007,,published,C,good_reference,yes,confirmed,compiled_spec_value,Nikon specifications / technical database,,Good working value; source audit still desirable.,source_url_missing,physical_camera,primary,dragonframe_current_coverage,Keep and audit: normalized from current Dragonframe-supported camera coverage.,P2_source_strengthen,source_url_missing,,ship
nikon_df,dedicated_camera,Nikon,Df,,main,,36.0,23.9,43.2112,,published,C,good_reference,yes,confirmed,compiled_spec_value,Nikon specifications,,Good working value; source audit still desirable.,source_url_missing,physical_camera,primary,dragonframe_current_coverage,Keep and audit: normalized from current Dragonframe-supported camera coverage.,P2_source_strengthen,source_url_missing,,ship
nikon_z_f,dedicated_camera,Nikon,Z f,,main,,35.9,23.9,43.1279,,published,C,good_reference,yes,confirmed,compiled_spec_value,Nikon specifications,,Good working value; source audit still desirable.,source_url_missing,physical_camera,primary,dragonframe_current_coverage,Keep and audit: normalized from current Dragonframe-supported camera coverage.,P2_source_strengthen,source_url_missing,,ship
nikon_z_fc,dedicated_camera,Nikon,Z fc,,main,,23.5,15.7,28.262,,published,C,good_reference,yes,confirmed,compiled_spec_value,Nikon specifications,,Good working value; source audit still desirable.,source_url_missing,physical_camera,primary,dragonframe_current_coverage,Keep and audit: normalized from current Dragonframe-supported camera coverage.,P2_source_strengthen,source_url_missing,,ship
nikon_z30,dedicated_camera,Nikon,Z30,,main,,23.5,15.7,28.262,,published,C,good_reference,yes,confirmed,compiled_spec_value,Nikon specifications,,Good working value; source audit still desirable.,source_url_missing,physical_camera,primary,dragonframe_current_coverage,Keep and audit: normalized from current Dragonframe-supported camera coverage.,P2_source_strengthen,source_url_missing,,ship
nikon_z5,dedicated_camera,Nikon,Z5,,main,,35.9,23.9,43.1279,,published,C,good_reference,yes,confirmed,compiled_spec_value,Nikon specifications,,Good working value; source audit still desirable.,source_url_missing,physical_camera,primary,dragonframe_current_coverage,Keep and audit: normalized from current Dragonframe-supported camera coverage.,P2_source_strengthen,source_url_missing,,ship
nikon_z5_ii,dedicated_camera,Nikon,Z5 II,,main,,35.9,23.9,43.1279,,published,C,good_reference,yes,confirmed,compiled_spec_value,Nikon specifications,,Good working value; source audit still desirable.,source_url_missing,physical_camera,primary,dragonframe_current_coverage,Keep and audit: normalized from current Dragonframe-supported camera coverage.,P2_source_strengthen,source_url_missing,,ship
nikon_z50,dedicated_camera,Nikon,Z50,,main,,23.5,15.7,28.262,,published,C,good_reference,yes,confirmed,compiled_spec_value,Nikon specifications,,Good working value; source audit still desirable.,source_url_missing,physical_camera,primary,dragonframe_current_coverage,Keep and audit: normalized from current Dragonframe-supported camera coverage.,P2_source_strengthen,source_url_missing,,ship
nikon_z50_ii,dedicated_camera,Nikon,Z50 II,,main,,23.5,15.7,28.262,,published,C,good_reference,yes,confirmed,primary_source_verified_previous_pass,Nikon specifications,,Good working value; source audit still desirable.,source_url_missing,physical_camera,primary,dragonframe_current_coverage,Keep and audit: normalized from current Dragonframe-supported camera coverage.,P2_source_strengthen,source_url_missing,,ship
nikon_z6,dedicated_camera,Nikon,Z6,,main,,35.9,23.9,43.1279,,published,C,good_reference,yes,confirmed,compiled_spec_value,Nikon specifications,,Good working value; source audit still desirable.,source_url_missing,physical_camera,primary,dragonframe_current_coverage,Keep and audit: normalized from current Dragonframe-supported camera coverage.,P2_source_strengthen,source_url_missing,,ship
nikon_z6_ii,dedicated_camera,Nikon,Z6 II,,main,,35.9,23.9,43.1279,,published,C,good_reference,yes,confirmed,compiled_spec_value,Nikon specifications,,Good working value; source audit still desirable.,source_url_missing,physical_camera,primary,dragonframe_current_coverage,Keep and audit: normalized from current Dragonframe-supported camera coverage.,P2_source_strengthen,source_url_missing,,ship
nikon_z6_iii,dedicated_camera,Nikon,Z6 III,,main,,35.9,23.9,43.1279,,published,C,good_reference,yes,confirmed,primary_source_verified_previous_pass,Nikon specifications,,Good working value; source audit still desirable.,source_url_missing,physical_camera,primary,dragonframe_current_coverage,Keep and audit: normalized from current Dragonframe-supported camera coverage.,P2_source_strengthen,source_url_missing,,ship
nikon_z7,dedicated_camera,Nikon,Z7,,main,,35.9,23.9,43.1279,,published,C,good_reference,yes,confirmed,compiled_spec_value,Nikon specifications,,Good working value; source audit still desirable.,source_url_missing,physical_camera,primary,dragonframe_current_coverage,Keep and audit: normalized from current Dragonframe-supported camera coverage.,P2_source_strengthen,source_url_missing,,ship
nikon_z7_ii,dedicated_camera,Nikon,Z7 II,,main,,35.9,23.9,43.1279,,published,C,good_reference,yes,confirmed,compiled_spec_value,Nikon specifications,,Good working value; source audit still desirable.,source_url_missing,physical_camera,primary,dragonframe_current_coverage,Keep and audit: normalized from current Dragonframe-supported camera coverage.,P2_source_strengthen,source_url_missing,,ship
nikon_z8,dedicated_camera,Nikon,Z8,,main,,35.9,23.9,43.1279,,published,C,good_reference,yes,confirmed,primary_source_verified_previous_pass,Nikon specifications,,Good working value; source audit still desirable.,source_url_missing,physical_camera,primary,dragonframe_current_coverage,Keep and audit: normalized from current Dragonframe-supported camera coverage.,P2_source_strengthen,source_url_missing,,ship
nikon_z9,dedicated_camera,Nikon,Z9,,main,,35.9,23.9,43.1279,,published,C,good_reference,yes,confirmed,compiled_spec_value,Nikon specifications,,Good working value; source audit still desirable.,source_url_missing,physical_camera,primary,dragonframe_current_coverage,Keep and audit: normalized from current Dragonframe-supported camera coverage.,P2_source_strengthen,source_url_missing,,ship
nikon_zr,dedicated_camera,Nikon,ZR,,main,,35.9,23.9,43.1279,,published,C,good_reference,yes,confirmed,compiled_spec_value,Nikon specifications,,Good working value; source audit still desirable.,source_url_missing,physical_camera,primary,dragonframe_current_coverage,Keep and audit: normalized from current Dragonframe-supported camera coverage.,P2_source_strengthen,source_url_missing,,ship
olympus_om_system_om_1,dedicated_camera,Olympus / OM System,OM-1,,main,,17.4,13.0,21.72,,published,C,good_reference,yes,confirmed,primary_source_verified_previous_pass,OM System specifications,,Good working value; source audit still desirable.,source_url_missing,physical_camera,primary,dragonframe_current_coverage,Keep and audit: normalized from current Dragonframe-supported camera coverage.,P2_source_strengthen,source_url_missing,,ship
olympus_om_system_om_1_mark_ii,dedicated_camera,Olympus / OM System,OM-1 Mark II,,main,,17.4,13.0,21.72,,published,C,good_reference,yes,confirmed,primary_source_verified_previous_pass,OM System specifications,,Good working value; source audit still desirable.,source_url_missing,physical_camera,primary,dragonframe_current_coverage,Keep and audit: normalized from current Dragonframe-supported camera coverage.,P2_source_strengthen,source_url_missing,,ship
olympus_om_system_om_d_e_m1,dedicated_camera,Olympus / OM System,OM-D E-M1,,main,,17.3,13.0,21.64,,published,C,good_reference,yes,confirmed,compiled_spec_value,Olympus specifications,,Good working value; source audit still desirable.,source_url_missing,physical_camera,primary,dragonframe_current_coverage,Keep and audit: normalized from current Dragonframe-supported camera coverage.,P2_source_strengthen,source_url_missing,,ship
olympus_om_system_om_d_e_m1_mark_ii,dedicated_camera,Olympus / OM System,OM-D E-M1 Mark II,,main,,17.3,13.0,21.64,,published,C,good_reference,yes,confirmed,compiled_spec_value,Olympus specifications,,Good working value; source audit still desirable.,source_url_missing,physical_camera,primary,dragonframe_current_coverage,Keep and audit: normalized from current Dragonframe-supported camera coverage.,P2_source_strengthen,source_url_missing,,ship
olympus_om_system_om_d_e_m1_mark_iii,dedicated_camera,Olympus / OM System,OM-D E-M1 Mark III,,main,,17.3,13.0,21.64,,published,C,good_reference,yes,confirmed,compiled_spec_value,Olympus specifications,,Good working value; source audit still desirable.,source_url_missing,physical_camera,primary,dragonframe_current_coverage,Keep and audit: normalized from current Dragonframe-supported camera coverage.,P2_source_strengthen,source_url_missing,,ship
olympus_om_system_om_d_e_m1x,dedicated_camera,Olympus / OM System,OM-D E-M1X,,main,,17.3,13.0,21.64,,published,C,good_reference,yes,confirmed,compiled_spec_value,Olympus specifications,,Good working value; source audit still desirable.,source_url_missing,physical_camera,primary,dragonframe_current_coverage,Keep and audit: normalized from current Dragonframe-supported camera coverage.,P2_source_strengthen,source_url_missing,,ship
olympus_om_system_om_d_e_m5_mark_ii,dedicated_camera,Olympus / OM System,OM-D E-M5 Mark II,,main,,17.3,13.0,21.64,,published,C,good_reference,yes,confirmed,compiled_spec_value,Olympus specifications,,Good working value; source audit still desirable.,source_url_missing,physical_camera,primary,dragonframe_current_coverage,Keep and audit: normalized from current Dragonframe-supported camera coverage.,P2_source_strengthen,source_url_missing,,ship
panasonic_lumix_dc_g9,dedicated_camera,Panasonic,Lumix DC-G9,,main,,17.3,13.0,21.64,,published,C,good_reference,yes,confirmed,compiled_spec_value,Panasonic specifications,,Good working value; source audit still desirable.,source_url_missing,physical_camera,primary,dragonframe_current_coverage,Keep and audit: normalized from current Dragonframe-supported camera coverage.,P2_source_strengthen,source_url_missing,,ship
panasonic_lumix_dc_g9_ii,dedicated_camera,Panasonic,Lumix DC-G9 II,,main,,17.3,13.0,21.64,,published,C,good_reference,yes,confirmed,compiled_spec_value,Panasonic specifications,,Good working value; source audit still desirable.,source_url_missing,physical_camera,primary,dragonframe_current_coverage,Keep and audit: normalized from current Dragonframe-supported camera coverage.,P2_source_strengthen,source_url_missing,,ship
panasonic_lumix_dc_gh5,dedicated_camera,Panasonic,Lumix DC-GH5,,main,,17.3,13.0,21.64,,published,C,good_reference,yes,confirmed,compiled_spec_value,Panasonic specifications,,Good working value; source audit still desirable.,source_url_missing,physical_camera,primary,dragonframe_current_coverage,Keep and audit: normalized from current Dragonframe-supported camera coverage.,P2_source_strengthen,source_url_missing,,ship
panasonic_lumix_dc_gh5m2,dedicated_camera,Panasonic,Lumix DC-GH5M2,,main,,17.3,13.0,21.64,,published,C,good_reference,yes,confirmed,compiled_spec_value,Panasonic specifications,,Good working value; source audit still desirable.,source_url_missing,physical_camera,primary,dragonframe_current_coverage,Keep and audit: normalized from current Dragonframe-supported camera coverage.,P2_source_strengthen,source_url_missing,,ship
panasonic_lumix_dc_gh5s,dedicated_camera,Panasonic,Lumix DC-GH5S,,main,,17.3,13.0,21.64,,published,C,good_reference,yes,confirmed,compiled_spec_value,Panasonic specifications,,Good working value; source audit still desirable.,source_url_missing,physical_camera,primary,dragonframe_current_coverage,Keep and audit: normalized from current Dragonframe-supported camera coverage.,P2_source_strengthen,source_url_missing,,ship
panasonic_lumix_dc_gh6,dedicated_camera,Panasonic,Lumix DC-GH6,,main,,17.3,13.0,21.64,,published,C,good_reference,yes,confirmed,compiled_spec_value,Panasonic specifications,,Good working value; source audit still desirable.,source_url_missing,physical_camera,primary,dragonframe_current_coverage,Keep and audit: normalized from current Dragonframe-supported camera coverage.,P2_source_strengthen,source_url_missing,,ship
panasonic_lumix_dc_gh7,dedicated_camera,Panasonic,Lumix DC-GH7,,main,,17.3,13.0,21.64,,published,C,good_reference,yes,confirmed,compiled_spec_value,Panasonic specifications,,Good working value; source audit still desirable.,source_url_missing,physical_camera,primary,dragonframe_current_coverage,Keep and audit: normalized from current Dragonframe-supported camera coverage.,P2_source_strengthen,source_url_missing,,ship
panasonic_lumix_dc_s1,dedicated_camera,Panasonic,Lumix DC-S1,,main,,35.6,23.8,42.8229,,published,C,good_reference,yes,confirmed,compiled_spec_value,Panasonic specifications,,Good working value; source audit still desirable.,source_url_missing,physical_camera,primary,dragonframe_current_coverage,Keep and audit: normalized from current Dragonframe-supported camera coverage.,P2_source_strengthen,source_url_missing,,ship
panasonic_lumix_dc_s1h,dedicated_camera,Panasonic,Lumix DC-S1H,,main,,35.6,23.8,42.8229,,published,C,good_reference,yes,confirmed,compiled_spec_value,Panasonic specifications,,Good working value; source audit still desirable.,source_url_missing,physical_camera,primary,dragonframe_current_coverage,Keep and audit: normalized from current Dragonframe-supported camera coverage.,P2_source_strengthen,source_url_missing,,ship
panasonic_lumix_dc_s1r,dedicated_camera,Panasonic,Lumix DC-S1R,,main,,35.6,23.8,42.8229,,published,C,good_reference,yes,confirmed,compiled_spec_value,Panasonic specifications,,Good working value; source audit still desirable.,source_url_missing,physical_camera,primary,dragonframe_current_coverage,Keep and audit: normalized from current Dragonframe-supported camera coverage.,P2_source_strengthen,source_url_missing,,ship
panasonic_lumix_dc_s5,dedicated_camera,Panasonic,Lumix DC-S5,,main,,35.6,23.8,42.8229,,published,C,good_reference,yes,confirmed,compiled_spec_value,Panasonic specifications,,Good working value; source audit still desirable.,source_url_missing,physical_camera,primary,dragonframe_current_coverage,Keep and audit: normalized from current Dragonframe-supported camera coverage.,P2_source_strengthen,source_url_missing,,ship
panasonic_lumix_dc_s5m2,dedicated_camera,Panasonic,Lumix DC-S5M2,,main,,35.6,23.8,42.8229,,published,C,good_reference,yes,confirmed,primary_source_verified_previous_pass,Panasonic specifications,,Good working value; source audit still desirable.,source_url_missing,physical_camera,primary,dragonframe_current_coverage,Keep and audit: normalized from current Dragonframe-supported camera coverage.,P2_source_strengthen,source_url_missing,,ship
panasonic_lumix_dc_s5m2x,dedicated_camera,Panasonic,Lumix DC-S5M2X,,main,,35.6,23.8,42.8229,,published,C,good_reference,yes,confirmed,compiled_spec_value,Panasonic specifications,,Good working value; source audit still desirable.,source_url_missing,physical_camera,primary,dragonframe_current_coverage,Keep and audit: normalized from current Dragonframe-supported camera coverage.,P2_source_strengthen,source_url_missing,,ship
panasonic_lumix_dc_s9,dedicated_camera,Panasonic,Lumix DC-S9,,main,,35.6,23.8,42.8229,,published,C,good_reference,yes,confirmed,compiled_spec_value,Panasonic specifications,,Good working value; source audit still desirable.,source_url_missing,physical_camera,primary,dragonframe_current_coverage,Keep and audit: normalized from current Dragonframe-supported camera coverage.,P2_source_strengthen,source_url_missing,,ship
panasonic_lumix_dmc_gh4,dedicated_camera,Panasonic,Lumix DMC-GH4,,main,,17.3,13.0,21.64,,published,C,good_reference,yes,confirmed,compiled_spec_value,Panasonic specifications,,Good working value; source audit still desirable.,source_url_missing,physical_camera,primary,dragonframe_current_coverage,Keep and audit: normalized from current Dragonframe-supported camera coverage.,P2_source_strengthen,source_url_missing,,ship
panasonic_lumix_dmc_gx8,dedicated_camera,Panasonic,Lumix DMC-GX8,,main,,17.3,13.0,21.64,,published,C,good_reference,yes,confirmed,compiled_spec_value,Panasonic specifications,,Good working value; source audit still desirable.,source_url_missing,physical_camera,primary,dragonframe_current_coverage,Keep and audit: normalized from current Dragonframe-supported camera coverage.,P2_source_strengthen,source_url_missing,,ship
pentax_645z,dedicated_camera,Pentax,645Z,,main,,43.8,32.8,54.72,,published,C,good_reference,yes,confirmed,compiled_spec_value,Pentax specifications,,Good working value; source audit still desirable.,source_url_missing,physical_camera,primary,dragonframe_current_coverage,Keep and audit: normalized from current Dragonframe-supported camera coverage.,P2_source_strengthen,source_url_missing,,ship
pentax_k_1,dedicated_camera,Pentax,K-1,,main,,35.9,24.0,43.1834,,published,C,good_reference,yes,confirmed,compiled_spec_value,Pentax specifications,,Good working value; source audit still desirable.,source_url_missing,physical_camera,primary,dragonframe_current_coverage,Keep and audit: normalized from current Dragonframe-supported camera coverage.,P2_source_strengthen,source_url_missing,,ship
pentax_k_1_mark_ii,dedicated_camera,Pentax,K-1 Mark II,,main,,35.9,24.0,43.1834,,published,C,good_reference,yes,confirmed,compiled_spec_value,Pentax specifications,,Good working value; source audit still desirable.,source_url_missing,physical_camera,primary,dragonframe_current_coverage,Keep and audit: normalized from current Dragonframe-supported camera coverage.,P2_source_strengthen,source_url_missing,,ship
pentax_kp,dedicated_camera,Pentax,KP,,main,,23.5,15.6,28.2066,,published,C,good_reference,yes,confirmed,compiled_spec_value,Pentax specifications,,Good working value; source audit still desirable.,source_url_missing,physical_camera,primary,dragonframe_current_coverage,Keep and audit: normalized from current Dragonframe-supported camera coverage.,P2_source_strengthen,source_url_missing,,ship
phantom_flex_4k,dedicated_camera,Phantom,Flex 4K,,main,,27.6,15.5,31.6545,,published,C,good_reference,yes,confirmed,compiled_spec_value,Vision Research technical specifications,,Good working value; source audit still desirable.,source_url_missing,physical_camera,primary,dragonframe_current_coverage,Keep and audit: normalized from current Dragonframe-supported camera coverage.,P2_source_strengthen,source_url_missing,,ship
red_dsmc2,dedicated_camera,RED,DSMC2,,main,,,,,,unresolved,E,platform_parent,no,unresolved,not_single_resolvable_sensor,"DSMC2 is a camera platform; RED offered DRAGON, HELIUM, GEMINI, MONSTRO and other sensor variants.",,Select a sensor-specific DSMC2 child record; never calculate from the platform parent.,platform_parent_not_sensor,Platform parent only. Resolve to actual DSMC2 sensor variant (DRAGON/HELIUM/GEMINI/MONSTRO) before TPS calculation.,secondary,dragonframe_current_coverage,Keep and audit: normalized from current Dragonframe-supported camera coverage.,P3_verified_or_secondary,platform_parent_not_sensor,,retain_nonblocking
red_dsmc2_dragon_6k,dedicated_camera,RED,DSMC2 DRAGON 6K,,main,RED DRAGON,30.7,15.8,34.5272,30.7 x 15.8 mm,published,A,verified,yes,confirmed,primary_source_verified,RED DSMC2 DRAGON 6K Technical Specifications,https://docs.red.com/955-0176/DSMC2DRAGONOperationGuide/en-us/Content/A_TechSpecs/Specs_WEAPON_6K_CF.htm,Use automatically when this DSMC2 sensor variant is identified.,,Sensor-specific child of generic DSMC2 platform record.,primary,dragonframe_current_coverage,Keep and audit: normalized from current Dragonframe-supported camera coverage.,P3_verified_or_secondary,,,ship
red_dsmc2_gemini_5k_s35,dedicated_camera,RED,DSMC2 GEMINI 5K S35,,main,GEMINI,30.72,18.0,35.605,30.72 x 18.0 mm,published,A,verified,yes,confirmed,primary_source_verified,RED DSMC2 GEMINI 5K S35 Technical Specifications,https://docs.red.com/955-0172_v7.0/DSMC2GEMINIOperationGuide/Content/A_TechSpecs/Specs_DSMC2_GEMINI.htm,Use automatically when this DSMC2 sensor variant is identified.,,Sensor-specific child of generic DSMC2 platform record.,primary,dragonframe_current_coverage,Keep and audit: normalized from current Dragonframe-supported camera coverage.,P3_verified_or_secondary,,,ship
red_dsmc2_helium_8k_s35,dedicated_camera,RED,DSMC2 HELIUM 8K S35,,main,HELIUM,29.9,15.77,33.8039,29.9 x 15.77 mm,published,A,verified,yes,confirmed,primary_source_verified,RED DSMC2 HELIUM 8K S35 Technical Specifications,https://docs.red.com/955-0171_v7.0/DSMC2HELIUMOperationGuide/Content/A_TechSpecs/Specs_DSMC2_HELIUM.htm,Use automatically when this DSMC2 sensor variant is identified.,,Sensor-specific child of generic DSMC2 platform record.,primary,dragonframe_current_coverage,Keep and audit: normalized from current Dragonframe-supported camera coverage.,P3_verified_or_secondary,,,ship
red_dsmc2_monstro_8k_vv,dedicated_camera,RED,DSMC2 MONSTRO 8K VV,,main,MONSTRO,40.96,21.6,46.3064,40.96 x 21.6 mm,published,A,verified,yes,confirmed,primary_source_verified,RED DSMC2 MONSTRO 8K VV Technical Specifications,https://docs.red.com/955-0170/DSMC2MONSTROOperationGuide/en-us/Content/A_TechSpecs/Specs_DSMC2_MONSTRO_Mono.htm,Use automatically when this DSMC2 sensor variant is identified.,,Sensor-specific child of generic DSMC2 platform record.,primary,dragonframe_current_coverage,Keep and audit: normalized from current Dragonframe-supported camera coverage.,P3_verified_or_secondary,,,ship
ricoh_theta_x,dedicated_camera,Ricoh,Theta X,,main,,6.4,4.8,8.0,,inferred,C,good_estimate,yes,provisional,inferred_from_published_sensor_class,1/2-inch sensor class; physical dimensions inferred,,Use automatically as estimated geometry; retain provenance and estimated status.,source_url_missing;provisional_guess,physical_camera v0.1 cutoff: retained as best-available working geometry; future source strengthening is non-blocking.,primary,dragonframe_current_coverage,Keep and audit: normalized from current Dragonframe-supported camera coverage.,P1_guess,source_url_missing;provisional_guess,,ship
ricoh_theta_z1,dedicated_camera,Ricoh,Theta Z1,,main,,13.2,8.8,15.8644,,published,C,good_reference,yes,confirmed,compiled_spec_value,Ricoh 1-inch sensor specification,,Good working value; source audit still desirable.,source_url_missing,physical_camera,primary,dragonframe_current_coverage,Keep and audit: normalized from current Dragonframe-supported camera coverage.,P2_source_strengthen,source_url_missing,,ship
sigma_fp,dedicated_camera,Sigma,fp,,main,,35.9,23.9,43.1279,,published,A,verified,yes,confirmed,primary_source_verified,Sigma specifications,https://www.sigma-global.com/en/cameras/fp/,Use automatically.,,physical_camera,primary,dragonframe_current_coverage,Keep and audit: normalized from current Dragonframe-supported camera coverage.,P3_verified_or_secondary,,,ship
sigma_fp_l,dedicated_camera,Sigma,fp L,,main,,35.9,23.9,43.1279,,published,C,good_reference,yes,confirmed,compiled_spec_value,Sigma specifications,,Good working value; source audit still desirable.,source_url_missing,physical_camera,primary,dragonframe_current_coverage,Keep and audit: normalized from current Dragonframe-supported camera coverage.,P2_source_strengthen,source_url_missing,,ship
sony_alpha_a1,dedicated_camera,Sony,Alpha A1,,main,,35.9,24.0,43.1834,,published,A,verified,yes,confirmed,primary_source_verified,Sony specifications,https://www.sony.com/electronics/support/e-mount-body-ilce-1-series/ilce-1/specifications,Use automatically.,,physical_camera,primary,dragonframe_current_coverage,Keep and audit: normalized from current Dragonframe-supported camera coverage.,P3_verified_or_secondary,,,ship
sony_alpha_a5000,dedicated_camera,Sony,Alpha A5000,,main,,23.5,15.6,28.2066,,published,C,good_reference,yes,confirmed,compiled_spec_value,Sony specifications,,Good working value; source audit still desirable.,source_url_missing,physical_camera,primary,dragonframe_current_coverage,Keep and audit: normalized from current Dragonframe-supported camera coverage.,P2_source_strengthen,source_url_missing,,ship
sony_alpha_a5100,dedicated_camera,Sony,Alpha A5100,,main,,23.5,15.6,28.2066,,published,C,good_reference,yes,confirmed,compiled_spec_value,Sony specifications,,Good working value; source audit still desirable.,source_url_missing,physical_camera,primary,dragonframe_current_coverage,Keep and audit: normalized from current Dragonframe-supported camera coverage.,P2_source_strengthen,source_url_missing,,ship
sony_alpha_a6000,dedicated_camera,Sony,Alpha A6000,,main,,23.5,15.6,28.2066,,published,C,good_reference,yes,confirmed,compiled_spec_value,Sony specifications,,Good working value; source audit still desirable.,source_url_missing,physical_camera,primary,dragonframe_current_coverage,Keep and audit: normalized from current Dragonframe-supported camera coverage.,P2_source_strengthen,source_url_missing,,ship
sony_alpha_a6100,dedicated_camera,Sony,Alpha A6100,,main,,23.5,15.6,28.2066,,published,C,good_reference,yes,confirmed,compiled_spec_value,Sony specifications,,Good working value; source audit still desirable.,source_url_missing,physical_camera,primary,dragonframe_current_coverage,Keep and audit: normalized from current Dragonframe-supported camera coverage.,P2_source_strengthen,source_url_missing,,ship
sony_alpha_a6300,dedicated_camera,Sony,Alpha A6300,,main,,23.5,15.6,28.2066,,published,C,good_reference,yes,confirmed,compiled_spec_value,Sony specifications,,Good working value; source audit still desirable.,source_url_missing,physical_camera,primary,dragonframe_current_coverage,Keep and audit: normalized from current Dragonframe-supported camera coverage.,P2_source_strengthen,source_url_missing,,ship
sony_alpha_a6400,dedicated_camera,Sony,Alpha A6400,,main,,23.5,15.6,28.2066,,published,C,good_reference,yes,confirmed,compiled_spec_value,Sony specifications,,Good working value; source audit still desirable.,source_url_missing,physical_camera,primary,dragonframe_current_coverage,Keep and audit: normalized from current Dragonframe-supported camera coverage.,P2_source_strengthen,source_url_missing,,ship
sony_alpha_a6500,dedicated_camera,Sony,Alpha A6500,,main,,23.5,15.6,28.2066,,published,C,good_reference,yes,confirmed,compiled_spec_value,Sony specifications,,Good working value; source audit still desirable.,source_url_missing,physical_camera,primary,dragonframe_current_coverage,Keep and audit: normalized from current Dragonframe-supported camera coverage.,P2_source_strengthen,source_url_missing,,ship
sony_alpha_a6600,dedicated_camera,Sony,Alpha A6600,,main,,23.5,15.6,28.2066,,published,C,good_reference,yes,confirmed,compiled_spec_value,Sony specifications,,Good working value; source audit still desirable.,source_url_missing,physical_camera,primary,dragonframe_current_coverage,Keep and audit: normalized from current Dragonframe-supported camera coverage.,P2_source_strengthen,source_url_missing,,ship
sony_alpha_a6700,dedicated_camera,Sony,Alpha A6700,,main,,23.3,15.5,27.9846,,published,A,verified,yes,confirmed,primary_source_verified_previous_pass,Sony specifications,https://www.sony.com/electronics/support/e-mount-body-ilce-6000-series/ilce-6700/specifications,Use automatically.,,physical_camera,primary,dragonframe_current_coverage,Keep and audit: normalized from current Dragonframe-supported camera coverage.,P3_verified_or_secondary,,,ship
sony_alpha_a7,dedicated_camera,Sony,Alpha A7,,main,,35.8,23.9,43.0447,,published,A,verified,yes,confirmed,primary_source_verified,Sony specifications,https://www.sony.com/electronics/support/e-mount-body-ilce-7-series/ilce-7/specifications,Use automatically.,,physical_camera,primary,dragonframe_current_coverage,Keep and audit: normalized from current Dragonframe-supported camera coverage.,P3_verified_or_secondary,,,ship
sony_alpha_a7_ii,dedicated_camera,Sony,Alpha A7 II,,main,,35.8,23.9,43.0447,,published,A,verified,yes,confirmed,primary_source_verified,Sony specifications,https://www.sony.com/electronics/support/e-mount-body-ilce-7-series/ilce-7m2/specifications,Use automatically.,,physical_camera,primary,dragonframe_current_coverage,Keep and audit: normalized from current Dragonframe-supported camera coverage.,P3_verified_or_secondary,,,ship
sony_alpha_a7_iii,dedicated_camera,Sony,Alpha A7 III,,main,,35.6,23.8,42.8229,,published,C,good_reference,yes,confirmed,compiled_spec_value,Sony specifications,,Good working value; source audit still desirable.,source_url_missing,physical_camera,primary,dragonframe_current_coverage,Keep and audit: normalized from current Dragonframe-supported camera coverage.,P2_source_strengthen,source_url_missing,,ship
sony_alpha_a7_iv,dedicated_camera,Sony,Alpha A7 IV,,main,,35.9,23.9,43.1279,,published,A,verified,yes,confirmed,primary_source_verified_previous_pass,Sony specifications,https://www.sony.com/electronics/support/e-mount-body-ilce-7-series/ilce-7m4/specifications,Use automatically.,,physical_camera,primary,dragonframe_current_coverage,Keep and audit: normalized from current Dragonframe-supported camera coverage.,P3_verified_or_secondary,,,ship
sony_alpha_a7_v,dedicated_camera,Sony,Alpha A7 V,,main,,35.9,23.9,43.1279,,published,C,good_reference,yes,confirmed,compiled_spec_value,Sony specifications,,Good working value; source audit still desirable.,source_url_missing,physical_camera,primary,dragonframe_current_coverage,Keep and audit: normalized from current Dragonframe-supported camera coverage.,P2_source_strengthen,source_url_missing,,ship
sony_alpha_a77_ii,dedicated_camera,Sony,Alpha A77 II,,main,,23.5,15.6,28.2066,,published,C,good_reference,yes,confirmed,compiled_spec_value,Sony specifications,,Good working value; source audit still desirable.,source_url_missing,physical_camera,primary,dragonframe_current_coverage,Keep and audit: normalized from current Dragonframe-supported camera coverage.,P2_source_strengthen,source_url_missing,,ship
sony_alpha_a7c,dedicated_camera,Sony,Alpha A7C,,main,,35.6,23.8,42.8229,,published,C,good_reference,yes,confirmed,compiled_spec_value,Sony specifications,,Good working value; source audit still desirable.,source_url_missing,physical_camera,primary,dragonframe_current_coverage,Keep and audit: normalized from current Dragonframe-supported camera coverage.,P2_source_strengthen,source_url_missing,,ship
sony_alpha_a7c_ii,dedicated_camera,Sony,Alpha A7C II,,main,,35.9,23.9,43.1279,,published,C,good_reference,yes,confirmed,compiled_spec_value,Sony specifications,,Good working value; source audit still desirable.,source_url_missing,physical_camera,primary,dragonframe_current_coverage,Keep and audit: normalized from current Dragonframe-supported camera coverage.,P2_source_strengthen,source_url_missing,,ship
sony_alpha_a7cr,dedicated_camera,Sony,Alpha A7CR,,main,,35.7,23.8,42.9061,,published,C,good_reference,yes,confirmed,compiled_spec_value,Sony specifications,,Good working value; source audit still desirable.,source_url_missing,physical_camera,primary,dragonframe_current_coverage,Keep and audit: normalized from current Dragonframe-supported camera coverage.,P2_source_strengthen,source_url_missing,,ship
sony_alpha_a7r,dedicated_camera,Sony,Alpha A7R,,main,,35.9,24.0,43.1834,,published,C,good_reference,yes,confirmed,compiled_spec_value,Sony specifications,,Good working value; source audit still desirable.,source_url_missing,physical_camera,primary,dragonframe_current_coverage,Keep and audit: normalized from current Dragonframe-supported camera coverage.,P2_source_strengthen,source_url_missing,,ship
sony_alpha_a7r_ii,dedicated_camera,Sony,Alpha A7R II,,main,,35.9,24.0,43.1834,,published,C,good_reference,yes,confirmed,compiled_spec_value,Sony specifications,,Good working value; source audit still desirable.,source_url_missing,physical_camera,primary,dragonframe_current_coverage,Keep and audit: normalized from current Dragonframe-supported camera coverage.,P2_source_strengthen,source_url_missing,,ship
sony_alpha_a7r_iii,dedicated_camera,Sony,Alpha A7R III,,main,,35.9,24.0,43.1834,,published,C,good_reference,yes,confirmed,compiled_spec_value,Sony specifications,,Good working value; source audit still desirable.,source_url_missing,physical_camera,primary,dragonframe_current_coverage,Keep and audit: normalized from current Dragonframe-supported camera coverage.,P2_source_strengthen,source_url_missing,,ship
sony_alpha_a7r_iiia,dedicated_camera,Sony,Alpha A7R IIIA,,main,,35.9,24.0,43.1834,,published,C,good_reference,yes,confirmed,compiled_spec_value,Sony specifications,,Good working value; source audit still desirable.,source_url_missing,physical_camera,primary,dragonframe_current_coverage,Keep and audit: normalized from current Dragonframe-supported camera coverage.,P2_source_strengthen,source_url_missing,,ship
sony_alpha_a7r_iv,dedicated_camera,Sony,Alpha A7R IV,,main,,35.7,23.8,42.9061,,published,C,good_reference,yes,confirmed,primary_source_verified_previous_pass,Sony specifications,,Good working value; source audit still desirable.,source_url_missing,physical_camera,primary,dragonframe_current_coverage,Keep and audit: normalized from current Dragonframe-supported camera coverage.,P2_source_strengthen,source_url_missing,,ship
sony_alpha_a7r_iva,dedicated_camera,Sony,Alpha A7R IVA,,main,,35.7,23.8,42.9061,,published,C,good_reference,yes,confirmed,compiled_spec_value,Sony specifications,,Good working value; source audit still desirable.,source_url_missing,physical_camera,primary,dragonframe_current_coverage,Keep and audit: normalized from current Dragonframe-supported camera coverage.,P2_source_strengthen,source_url_missing,,ship
sony_alpha_a7r_v,dedicated_camera,Sony,Alpha A7R V,,main,,35.7,23.8,42.9061,,published,C,good_reference,yes,confirmed,primary_source_verified_previous_pass,Sony specifications,,Good working value; source audit still desirable.,source_url_missing,physical_camera,primary,dragonframe_current_coverage,Keep and audit: normalized from current Dragonframe-supported camera coverage.,P2_source_strengthen,source_url_missing,,ship
sony_alpha_a7s,dedicated_camera,Sony,Alpha A7S,,main,,35.6,23.8,42.8229,,published,C,good_reference,yes,confirmed,compiled_spec_value,Sony specifications,,Good working value; source audit still desirable.,source_url_missing,physical_camera,primary,dragonframe_current_coverage,Keep and audit: normalized from current Dragonframe-supported camera coverage.,P2_source_strengthen,source_url_missing,,ship
sony_alpha_a7s_ii,dedicated_camera,Sony,Alpha A7S II,,main,,35.6,23.8,42.8229,,published,C,good_reference,yes,confirmed,compiled_spec_value,Sony specifications,,Good working value; source audit still desirable.,source_url_missing,physical_camera,primary,dragonframe_current_coverage,Keep and audit: normalized from current Dragonframe-supported camera coverage.,P2_source_strengthen,source_url_missing,,ship
sony_alpha_a7s_iii,dedicated_camera,Sony,Alpha A7S III,,main,,35.6,23.8,42.8229,,published,C,good_reference,yes,confirmed,compiled_spec_value,Sony specifications,,Good working value; source audit still desirable.,source_url_missing,physical_camera,primary,dragonframe_current_coverage,Keep and audit: normalized from current Dragonframe-supported camera coverage.,P2_source_strengthen,source_url_missing,,ship
sony_alpha_a9,dedicated_camera,Sony,Alpha A9,,main,,35.6,23.8,42.8229,,published,C,good_reference,yes,confirmed,compiled_spec_value,Sony specifications,,Good working value; source audit still desirable.,source_url_missing,physical_camera,primary,dragonframe_current_coverage,Keep and audit: normalized from current Dragonframe-supported camera coverage.,P2_source_strengthen,source_url_missing,,ship
sony_alpha_a9_ii,dedicated_camera,Sony,Alpha A9 II,,main,,35.6,23.8,42.8229,,published,C,good_reference,yes,confirmed,compiled_spec_value,Sony specifications,,Good working value; source audit still desirable.,source_url_missing,physical_camera,primary,dragonframe_current_coverage,Keep and audit: normalized from current Dragonframe-supported camera coverage.,P2_source_strengthen,source_url_missing,,ship
sony_alpha_a9_iii,dedicated_camera,Sony,Alpha A9 III,,main,,35.6,23.8,42.8229,,published,C,good_reference,yes,confirmed,compiled_spec_value,Sony specifications,,Good working value; source audit still desirable.,source_url_missing,physical_camera,primary,dragonframe_current_coverage,Keep and audit: normalized from current Dragonframe-supported camera coverage.,P2_source_strengthen,source_url_missing,,ship
sony_alpha_a99_ii,dedicated_camera,Sony,Alpha A99 II,,main,,35.9,24.0,43.1834,,published,C,good_reference,yes,confirmed,compiled_spec_value,Sony specifications,,Good working value; source audit still desirable.,source_url_missing,physical_camera,primary,dragonframe_current_coverage,Keep and audit: normalized from current Dragonframe-supported camera coverage.,P2_source_strengthen,source_url_missing,,ship
sony_fx2,dedicated_camera,Sony,FX2,,main,,35.9,23.9,43.1279,,published,C,good_reference,yes,confirmed,compiled_spec_value,Sony specifications,,Good working value; source audit still desirable.,source_url_missing,physical_camera,primary,dragonframe_current_coverage,Keep and audit: normalized from current Dragonframe-supported camera coverage.,P2_source_strengthen,source_url_missing,,ship
sony_fx3,dedicated_camera,Sony,FX3,,main,,35.6,23.8,42.8229,,published,C,good_reference,yes,confirmed,compiled_spec_value,Sony specifications,,Good working value; source audit still desirable.,source_url_missing,physical_camera,primary,dragonframe_current_coverage,Keep and audit: normalized from current Dragonframe-supported camera coverage.,P2_source_strengthen,source_url_missing,,ship
sony_fx30,dedicated_camera,Sony,FX30,,main,,23.3,15.5,27.9846,,published,C,good_reference,yes,confirmed,compiled_spec_value,Sony specifications,,Good working value; source audit still desirable.,source_url_missing,physical_camera,primary,dragonframe_current_coverage,Keep and audit: normalized from current Dragonframe-supported camera coverage.,P2_source_strengthen,source_url_missing,,ship
sony_fx3a,dedicated_camera,Sony,FX3A,,main,,35.6,23.8,42.8229,,published,C,good_reference,yes,confirmed,compiled_spec_value,Sony specifications,,Good working value; source audit still desirable.,source_url_missing,physical_camera,primary,dragonframe_current_coverage,Keep and audit: normalized from current Dragonframe-supported camera coverage.,P2_source_strengthen,source_url_missing,,ship
sony_ilx_lr1,dedicated_camera,Sony,ILX-LR1,,main,,35.9,23.9,43.1279,,published,C,good_reference,yes,confirmed,compiled_spec_value,Sony specifications,,Good working value; source audit still desirable.,source_url_missing,physical_camera,primary,dragonframe_current_coverage,Keep and audit: normalized from current Dragonframe-supported camera coverage.,P2_source_strengthen,source_url_missing,,ship
sony_zv_e1,dedicated_camera,Sony,ZV-E1,,main,,35.6,23.8,42.8229,,published,C,good_reference,yes,confirmed,compiled_spec_value,Sony specifications,,Good working value; source audit still desirable.,source_url_missing,physical_camera,primary,dragonframe_current_coverage,Keep and audit: normalized from current Dragonframe-supported camera coverage.,P2_source_strengthen,source_url_missing,,ship
sony_zv_e10,dedicated_camera,Sony,ZV-E10,,main,,23.5,15.6,28.2066,,published,C,good_reference,yes,confirmed,compiled_spec_value,Sony specifications,,Good working value; source audit still desirable.,source_url_missing,physical_camera,primary,dragonframe_current_coverage,Keep and audit: normalized from current Dragonframe-supported camera coverage.,P2_source_strengthen,source_url_missing,,ship
sony_zv_e10_ii,dedicated_camera,Sony,ZV-E10 II,,main,,23.3,15.5,27.9846,,published,C,good_reference,yes,confirmed,compiled_spec_value,Sony specifications,,Good working value; source audit still desirable.,source_url_missing,physical_camera,primary,dragonframe_current_coverage,Keep and audit: normalized from current Dragonframe-supported camera coverage.,P2_source_strengthen,source_url_missing,,ship
z_cam_e2,dedicated_camera,Z CAM,E2,,main,,17.3,13.0,21.64,,published,C,good_reference,yes,confirmed,compiled_spec_value,Z CAM specifications,,Good working value; source audit still desirable.,source_url_missing,physical_camera,primary,dragonframe_current_coverage,Keep and audit: normalized from current Dragonframe-supported camera coverage.,P2_source_strengthen,source_url_missing,,ship
asus_rog_phone_6_rear_main,mobile_camera_module,ASUS,ROG Phone 6,,rear_main,,8.205,6.154,10.2564,"1/1.56""",optical_format_conversion,C,good_estimate,yes,provisional,compiled_spec_value,Compiled ASUS camera specification,,Use automatically as estimated geometry; retain provenance and estimated status.,source_url_missing,,primary,recent_android_candidate,Keep in active audit set; final installability should be checked against LIMNTPS minSdk/device catalog.,P2_source_strengthen,source_url_missing,,ship
asus_rog_phone_6_rear_ultrawide,mobile_camera_module,ASUS,ROG Phone 6,,rear_ultrawide,,5.02,3.765,6.275,"1/2.55""",optical_format_conversion,C,good_estimate,yes,provisional,compiled_spec_value,Compiled ASUS camera specification,,Use automatically as estimated geometry; retain provenance and estimated status.,source_url_missing,,primary,recent_android_candidate,Keep in active audit set; final installability should be checked against LIMNTPS minSdk/device catalog.,P2_source_strengthen,source_url_missing,,ship
asus_rog_phone_7_rear_main,mobile_camera_module,ASUS,ROG Phone 7,,rear_main,,8.205,6.154,10.2564,"1/1.56""",optical_format_conversion,C,good_estimate,yes,provisional,compiled_spec_value,Compiled ASUS camera specification,,Use automatically as estimated geometry; retain provenance and estimated status.,source_url_missing,,primary,recent_android_candidate,Keep in active audit set; final installability should be checked against LIMNTPS minSdk/device catalog.,P2_source_strengthen,source_url_missing,,ship
asus_rog_phone_7_rear_ultrawide,mobile_camera_module,ASUS,ROG Phone 7,,rear_ultrawide,,5.02,3.765,6.275,"1/2.55""",optical_format_conversion,C,good_estimate,yes,provisional,compiled_spec_value,Compiled ASUS camera specification,,Use automatically as estimated geometry; retain provenance and estimated status.,source_url_missing,,primary,recent_android_candidate,Keep in active audit set; final installability should be checked against LIMNTPS minSdk/device catalog.,P2_source_strengthen,source_url_missing,,ship
asus_rog_phone_8_rear_main,mobile_camera_module,ASUS,ROG Phone 8,,rear_main,,8.205,6.154,10.2564,"1/1.56""",optical_format_conversion,C,good_estimate,yes,provisional,compiled_spec_value,Compiled ASUS camera specification,,Use automatically as estimated geometry; retain provenance and estimated status.,source_url_missing,,primary,recent_android_candidate,Keep in active audit set; final installability should be checked against LIMNTPS minSdk/device catalog.,P2_source_strengthen,source_url_missing,,ship
asus_rog_phone_8_rear_ultrawide,mobile_camera_module,ASUS,ROG Phone 8,,rear_ultrawide,,5.02,3.765,6.275,"1/2.55""",optical_format_conversion,C,good_estimate,yes,provisional,compiled_spec_value,Compiled ASUS camera specification,,Use automatically as estimated geometry; retain provenance and estimated status.,source_url_missing,,primary,recent_android_candidate,Keep in active audit set; final installability should be checked against LIMNTPS minSdk/device catalog.,P2_source_strengthen,source_url_missing,,ship
asus_rog_phone_9_rear_main,mobile_camera_module,ASUS,ROG Phone 9,,rear_main,,8.205,6.154,10.2564,"1/1.56""",optical_format_conversion,C,good_estimate,yes,provisional,compiled_spec_value,Compiled ASUS camera specification,,Use automatically as estimated geometry; retain provenance and estimated status.,source_url_missing,,primary,recent_android_candidate,Keep in active audit set; final installability should be checked against LIMNTPS minSdk/device catalog.,P2_source_strengthen,source_url_missing,,ship
asus_rog_phone_9_rear_ultrawide,mobile_camera_module,ASUS,ROG Phone 9,,rear_ultrawide,,5.02,3.765,6.275,"1/2.55""",optical_format_conversion,C,good_estimate,yes,provisional,compiled_spec_value,Compiled ASUS camera specification,,Use automatically as estimated geometry; retain provenance and estimated status.,source_url_missing,,primary,recent_android_candidate,Keep in active audit set; final installability should be checked against LIMNTPS minSdk/device catalog.,P2_source_strengthen,source_url_missing,,ship
asus_zenfone_10_rear_main,mobile_camera_module,ASUS,Zenfone 10,,rear_main,,8.205,6.154,10.2564,"1/1.56""",optical_format_conversion,C,good_estimate,yes,provisional,compiled_spec_value,Compiled ASUS camera specification,,Use automatically as estimated geometry; retain provenance and estimated status.,source_url_missing,,primary,recent_android_candidate,Keep in active audit set; final installability should be checked against LIMNTPS minSdk/device catalog.,P2_source_strengthen,source_url_missing,,ship
asus_zenfone_10_rear_ultrawide,mobile_camera_module,ASUS,Zenfone 10,,rear_ultrawide,,5.02,3.765,6.275,"1/2.55""",optical_format_conversion,C,good_estimate,yes,provisional,compiled_spec_value,Compiled ASUS camera specification,,Use automatically as estimated geometry; retain provenance and estimated status.,source_url_missing,,primary,recent_android_candidate,Keep in active audit set; final installability should be checked against LIMNTPS minSdk/device catalog.,P2_source_strengthen,source_url_missing,,ship
asus_zenfone_11_ultra_rear_main,mobile_camera_module,ASUS,Zenfone 11 Ultra,,rear_main,,8.205,6.154,10.2564,"1/1.56""",optical_format_conversion,C,good_estimate,yes,provisional,compiled_spec_value,Compiled ASUS camera specification,,Use automatically as estimated geometry; retain provenance and estimated status.,source_url_missing,,primary,recent_android_candidate,Keep in active audit set; final installability should be checked against LIMNTPS minSdk/device catalog.,P2_source_strengthen,source_url_missing,,ship
asus_zenfone_11_ultra_rear_ultrawide,mobile_camera_module,ASUS,Zenfone 11 Ultra,,rear_ultrawide,,5.02,3.765,6.275,"1/2.55""",optical_format_conversion,C,good_estimate,yes,provisional,compiled_spec_value,Compiled ASUS camera specification,,Use automatically as estimated geometry; retain provenance and estimated status.,source_url_missing,,primary,recent_android_candidate,Keep in active audit set; final installability should be checked against LIMNTPS minSdk/device catalog.,P2_source_strengthen,source_url_missing,,ship
asus_zenfone_9_rear_main,mobile_camera_module,ASUS,Zenfone 9,,rear_main,,8.205,6.154,10.2564,"1/1.56""",optical_format_conversion,C,good_estimate,yes,provisional,compiled_spec_value,Compiled ASUS camera specification,,Use automatically as estimated geometry; retain provenance and estimated status.,source_url_missing,,primary,recent_android_candidate,Keep in active audit set; final installability should be checked against LIMNTPS minSdk/device catalog.,P2_source_strengthen,source_url_missing,,ship
asus_zenfone_9_rear_ultrawide,mobile_camera_module,ASUS,Zenfone 9,,rear_ultrawide,,5.02,3.765,6.275,"1/2.55""",optical_format_conversion,C,good_estimate,yes,provisional,compiled_spec_value,Compiled ASUS camera specification,,Use automatically as estimated geometry; retain provenance and estimated status.,source_url_missing,,primary,recent_android_candidate,Keep in active audit set; final installability should be checked against LIMNTPS minSdk/device catalog.,P2_source_strengthen,source_url_missing,,ship
apple_iphone_11_rear_main,mobile_camera_module,Apple,iPhone 11,,rear_main,,5.6,4.2,7.0,,optical_format_conversion,C,good_estimate,yes,probable,,PhoneArena,https://www.phonearena.com/phones/Apple-iPhone-11_id11175,Good estimate; UI may mark sensor geometry as estimated.,,Source reports Type 1/2.55.,primary,current_ios_compatible,Current iOS-family coverage target; audit before expanding older Apple hardware.,P3_verified_or_secondary,,,ship
apple_iphone_11_rear_ultrawide,mobile_camera_module,Apple,iPhone 11,,rear_ultrawide,,4.0,3.0,5.0,,optical_format_conversion,C,good_estimate,yes,probable,,Compiled/PhoneArena family specification,https://www.phonearena.com/phones/Apple-iPhone-11-Pro_id11239,Good estimate; UI may mark sensor geometry as estimated.,,Type ~1/3.4 class; exact active dimensions need audit.,primary,current_ios_compatible,Current iOS-family coverage target; audit before expanding older Apple hardware.,P3_verified_or_secondary,,,ship
apple_iphone_11_pro_rear_main,mobile_camera_module,Apple,iPhone 11 Pro,,rear_main,,5.6,4.2,7.0,,optical_format_conversion,C,good_estimate,yes,probable,,PhoneArena,https://www.phonearena.com/phones/Apple-iPhone-11-Pro_id11239,Good estimate; UI may mark sensor geometry as estimated.,,Source reports Type 1/2.55.,primary,current_ios_compatible,Current iOS-family coverage target; audit before expanding older Apple hardware.,P3_verified_or_secondary,,,ship
apple_iphone_11_pro_rear_telephoto,mobile_camera_module,Apple,iPhone 11 Pro,,rear_telephoto,,4.0,3.0,5.0,,optical_format_conversion,C,good_estimate,yes,probable,,PhoneArena,https://www.phonearena.com/phones/Apple-iPhone-11-Pro_id11239,Good estimate; UI may mark sensor geometry as estimated.,,Source reports Type 1/3.4.,primary,current_ios_compatible,Current iOS-family coverage target; audit before expanding older Apple hardware.,P3_verified_or_secondary,,,ship
apple_iphone_11_pro_rear_ultrawide,mobile_camera_module,Apple,iPhone 11 Pro,,rear_ultrawide,,4.0,3.0,5.0,,optical_format_conversion,C,good_estimate,yes,probable,,Compiled/PhoneArena family specification,https://www.phonearena.com/phones/Apple-iPhone-11-Pro_id11239,Good estimate; UI may mark sensor geometry as estimated.,,Type ~1/3.4 class; exact active dimensions need audit.,primary,current_ios_compatible,Current iOS-family coverage target; audit before expanding older Apple hardware.,P3_verified_or_secondary,,,ship
apple_iphone_11_pro_max_rear_main,mobile_camera_module,Apple,iPhone 11 Pro Max,,rear_main,,5.6,4.2,7.0,,optical_format_conversion,C,good_estimate,yes,probable,,PhoneArena,https://www.phonearena.com/phones/Apple-iPhone-11-Pro_id11239,Good estimate; UI may mark sensor geometry as estimated.,,Source reports Type 1/2.55.,primary,current_ios_compatible,Current iOS-family coverage target; audit before expanding older Apple hardware.,P3_verified_or_secondary,,,ship
apple_iphone_11_pro_max_rear_telephoto,mobile_camera_module,Apple,iPhone 11 Pro Max,,rear_telephoto,,4.0,3.0,5.0,,optical_format_conversion,C,good_estimate,yes,probable,,PhoneArena,https://www.phonearena.com/phones/Apple-iPhone-11-Pro_id11239,Good estimate; UI may mark sensor geometry as estimated.,,Source reports Type 1/3.4.,primary,current_ios_compatible,Current iOS-family coverage target; audit before expanding older Apple hardware.,P3_verified_or_secondary,,,ship
apple_iphone_11_pro_max_rear_ultrawide,mobile_camera_module,Apple,iPhone 11 Pro Max,,rear_ultrawide,,4.0,3.0,5.0,,optical_format_conversion,C,good_estimate,yes,probable,,Compiled/PhoneArena family specification,https://www.phonearena.com/phones/Apple-iPhone-11-Pro_id11239,Good estimate; UI may mark sensor geometry as estimated.,,Type ~1/3.4 class; exact active dimensions need audit.,primary,current_ios_compatible,Current iOS-family coverage target; audit before expanding older Apple hardware.,P3_verified_or_secondary,,,ship
apple_iphone_12_rear_main,mobile_camera_module,Apple,iPhone 12,,rear_main,,5.6,4.2,7.0,,optical_format_conversion,C,good_estimate,yes,probable,,PhoneArena,https://www.phonearena.com/phones/Apple-iPhone-12-Pro_id11294,Good estimate; UI may mark sensor geometry as estimated.,,Type 1/2.55 class.,primary,current_ios_compatible,Current iOS-family coverage target; audit before expanding older Apple hardware.,P3_verified_or_secondary,,,ship
apple_iphone_12_rear_ultrawide,mobile_camera_module,Apple,iPhone 12,,rear_ultrawide,,4.0,3.0,5.0,,optical_format_conversion,C,good_estimate,yes,probable,,DXOMARK / PhoneArena,https://www.phonearena.com/phones/Apple-iPhone-12-Pro_id11294,Good estimate; UI may mark sensor geometry as estimated.,,Type ~1/3.4–1/3.6 class; exact active dimensions need audit.,primary,current_ios_compatible,Current iOS-family coverage target; audit before expanding older Apple hardware.,P3_verified_or_secondary,,,ship
apple_iphone_12_pro_rear_main,mobile_camera_module,Apple,iPhone 12 Pro,,rear_main,,5.6,4.2,7.0,,optical_format_conversion,C,good_estimate,yes,probable,,PhoneArena,https://www.phonearena.com/phones/Apple-iPhone-12-Pro_id11294,Good estimate; UI may mark sensor geometry as estimated.,,Type 1/2.55 class.,primary,current_ios_compatible,Current iOS-family coverage target; audit before expanding older Apple hardware.,P3_verified_or_secondary,,,ship
apple_iphone_12_pro_rear_telephoto,mobile_camera_module,Apple,iPhone 12 Pro,,rear_telephoto,,4.0,3.0,5.0,,optical_format_conversion,C,good_estimate,yes,probable,,PhoneArena,https://www.phonearena.com/phones/Apple-iPhone-12-Pro_id11294,Good estimate; UI may mark sensor geometry as estimated.,,Type 1/3.4.,primary,current_ios_compatible,Current iOS-family coverage target; audit before expanding older Apple hardware.,P3_verified_or_secondary,,,ship
apple_iphone_12_pro_rear_ultrawide,mobile_camera_module,Apple,iPhone 12 Pro,,rear_ultrawide,,4.0,3.0,5.0,,optical_format_conversion,C,good_estimate,yes,probable,,DXOMARK / PhoneArena,https://www.phonearena.com/phones/Apple-iPhone-12-Pro_id11294,Good estimate; UI may mark sensor geometry as estimated.,,Type ~1/3.4–1/3.6 class; exact active dimensions need audit.,primary,current_ios_compatible,Current iOS-family coverage target; audit before expanding older Apple hardware.,P3_verified_or_secondary,,,ship
apple_iphone_12_pro_max_rear_main,mobile_camera_module,Apple,iPhone 12 Pro Max,,rear_main,,6.85,5.14,8.564,,area_and_pixel_pitch_reconstruction,B,strong_derived,yes,probable,,Apple/DPReview compiled,https://www.apple.com/newsroom/2020/10/apple-introduces-iphone-12-pro-and-iphone-12-pro-max-with-5g/,Use automatically; preserve derivation provenance.,,Apple states 47% larger than 12 Pro and 1.7 µm pixels; normalized active dimensions.,primary,current_ios_compatible,Current iOS-family coverage target; audit before expanding older Apple hardware.,P3_verified_or_secondary,,,ship
apple_iphone_12_pro_max_rear_telephoto,mobile_camera_module,Apple,iPhone 12 Pro Max,,rear_telephoto,,4.0,3.0,5.0,,optical_format_conversion,C,good_estimate,yes,provisional,,Compiled camera specification,,Use automatically as estimated geometry; retain provenance and estimated status.,source_url_missing,65 mm-equivalent module; exact active dimensions need source audit.,primary,current_ios_compatible,Current iOS-family coverage target; audit before expanding older Apple hardware.,P2_source_strengthen,source_url_missing,,ship
apple_iphone_12_pro_max_rear_ultrawide,mobile_camera_module,Apple,iPhone 12 Pro Max,,rear_ultrawide,,4.0,3.0,5.0,,optical_format_conversion,C,good_estimate,yes,probable,,Compiled camera specification,https://www.phonearena.com/phones/Apple-iPhone-12-Pro_id11294,Good estimate; UI may mark sensor geometry as estimated.,,Same generation ultrawide class.,primary,current_ios_compatible,Current iOS-family coverage target; audit before expanding older Apple hardware.,P3_verified_or_secondary,,,ship
apple_iphone_12_mini_rear_main,mobile_camera_module,Apple,iPhone 12 mini,,rear_main,,5.6,4.2,7.0,,optical_format_conversion,C,good_estimate,yes,probable,,PhoneArena,https://www.phonearena.com/phones/Apple-iPhone-12-Pro_id11294,Good estimate; UI may mark sensor geometry as estimated.,,Type 1/2.55 class.,primary,current_ios_compatible,Current iOS-family coverage target; audit before expanding older Apple hardware.,P3_verified_or_secondary,,,ship
apple_iphone_12_mini_rear_ultrawide,mobile_camera_module,Apple,iPhone 12 mini,,rear_ultrawide,,4.0,3.0,5.0,,optical_format_conversion,C,good_estimate,yes,probable,,DXOMARK / PhoneArena,https://www.phonearena.com/phones/Apple-iPhone-12-Pro_id11294,Good estimate; UI may mark sensor geometry as estimated.,,Type ~1/3.4–1/3.6 class; exact active dimensions need audit.,primary,current_ios_compatible,Current iOS-family coverage target; audit before expanding older Apple hardware.,P3_verified_or_secondary,,,ship
apple_iphone_13_rear_main,mobile_camera_module,Apple,iPhone 13,,rear_main,,6.85,5.14,8.564,,area_reconstruction,C,good_estimate,yes,probable,,DPReview,https://www.dpreview.com/articles/6780391159/all-apple-iphone-13-and-13-pro-camera-upgrades-explained/,Use automatically as estimated geometry; retain provenance and estimated status.,provisional_guess,DPReview reports 35.2 mm² / Type 1/1.9; normalized to ~4:3 dimensions. v0.1 cutoff: retained as best-available working geometry; future source strengthening is non-blocking.,primary,current_ios_compatible,Current iOS-family coverage target; audit before expanding older Apple hardware.,P1_guess,provisional_guess,,ship
apple_iphone_13_rear_ultrawide,mobile_camera_module,Apple,iPhone 13,,rear_ultrawide,,4.0,3.0,5.0,,optical_format_conversion,C,good_estimate,yes,probable,,DPReview,https://www.dpreview.com/articles/6780391159/all-apple-iphone-13-and-13-pro-camera-upgrades-explained/,Good estimate; UI may mark sensor geometry as estimated.,,DPReview reports ~12.2 mm² / Type 1/3.4.,primary,current_ios_compatible,Current iOS-family coverage target; audit before expanding older Apple hardware.,P3_verified_or_secondary,,,ship
apple_iphone_13_pro_rear_main,mobile_camera_module,Apple,iPhone 13 Pro,,rear_main,,7.6,5.7,9.5,,direct_mm_secondary,B,strong_derived,yes,probable,,DPReview,https://www.dpreview.com/news/8163093616/iphone-16-pro-worth-upgrading-13-14-15-apple-cameras/,Use automatically; preserve derivation provenance.,,DPReview publishes 7.6 × 5.7 mm.,primary,current_ios_compatible,Current iOS-family coverage target; audit before expanding older Apple hardware.,P3_verified_or_secondary,,,ship
apple_iphone_13_pro_rear_telephoto,mobile_camera_module,Apple,iPhone 13 Pro,,rear_telephoto,,4.0,3.0,5.0,,direct_mm_secondary,B,strong_derived,yes,probable,,DPReview,https://www.dpreview.com/news/8163093616/iphone-16-pro-worth-upgrading-13-14-15-apple-cameras/,Use automatically; preserve derivation provenance.,,DPReview publishes 4 × 3 mm.,primary,current_ios_compatible,Current iOS-family coverage target; audit before expanding older Apple hardware.,P3_verified_or_secondary,,,ship
apple_iphone_13_pro_rear_ultrawide,mobile_camera_module,Apple,iPhone 13 Pro,,rear_ultrawide,,4.0,3.0,5.0,,direct_mm_secondary,B,strong_derived,yes,probable,,DPReview,https://www.dpreview.com/news/8163093616/iphone-16-pro-worth-upgrading-13-14-15-apple-cameras/,Use automatically; preserve derivation provenance.,,DPReview publishes 4 × 3 mm.,primary,current_ios_compatible,Current iOS-family coverage target; audit before expanding older Apple hardware.,P3_verified_or_secondary,,,ship
apple_iphone_13_pro_max_rear_main,mobile_camera_module,Apple,iPhone 13 Pro Max,,rear_main,,7.6,5.7,9.5,,direct_mm_secondary,B,strong_derived,yes,probable,,DPReview,https://www.dpreview.com/news/8163093616/iphone-16-pro-worth-upgrading-13-14-15-apple-cameras/,Use automatically; preserve derivation provenance.,,DPReview publishes 7.6 × 5.7 mm.,primary,current_ios_compatible,Current iOS-family coverage target; audit before expanding older Apple hardware.,P3_verified_or_secondary,,,ship
apple_iphone_13_pro_max_rear_telephoto,mobile_camera_module,Apple,iPhone 13 Pro Max,,rear_telephoto,,4.0,3.0,5.0,,direct_mm_secondary,B,strong_derived,yes,probable,,DPReview,https://www.dpreview.com/news/8163093616/iphone-16-pro-worth-upgrading-13-14-15-apple-cameras/,Use automatically; preserve derivation provenance.,,DPReview publishes 4 × 3 mm.,primary,current_ios_compatible,Current iOS-family coverage target; audit before expanding older Apple hardware.,P3_verified_or_secondary,,,ship
apple_iphone_13_pro_max_rear_ultrawide,mobile_camera_module,Apple,iPhone 13 Pro Max,,rear_ultrawide,,4.0,3.0,5.0,,direct_mm_secondary,B,strong_derived,yes,probable,,DPReview,https://www.dpreview.com/news/8163093616/iphone-16-pro-worth-upgrading-13-14-15-apple-cameras/,Use automatically; preserve derivation provenance.,,DPReview publishes 4 × 3 mm.,primary,current_ios_compatible,Current iOS-family coverage target; audit before expanding older Apple hardware.,P3_verified_or_secondary,,,ship
apple_iphone_13_mini_rear_main,mobile_camera_module,Apple,iPhone 13 mini,,rear_main,,6.85,5.14,8.564,,area_reconstruction,C,good_estimate,yes,probable,,DPReview,https://www.dpreview.com/articles/6780391159/all-apple-iphone-13-and-13-pro-camera-upgrades-explained/,Use automatically as estimated geometry; retain provenance and estimated status.,provisional_guess,DPReview reports 35.2 mm² / Type 1/1.9; normalized to ~4:3 dimensions. v0.1 cutoff: retained as best-available working geometry; future source strengthening is non-blocking.,primary,current_ios_compatible,Current iOS-family coverage target; audit before expanding older Apple hardware.,P1_guess,provisional_guess,,ship
apple_iphone_13_mini_rear_ultrawide,mobile_camera_module,Apple,iPhone 13 mini,,rear_ultrawide,,4.0,3.0,5.0,,optical_format_conversion,C,good_estimate,yes,probable,,DPReview,https://www.dpreview.com/articles/6780391159/all-apple-iphone-13-and-13-pro-camera-upgrades-explained/,Good estimate; UI may mark sensor geometry as estimated.,,DPReview reports ~12.2 mm² / Type 1/3.4.,primary,current_ios_compatible,Current iOS-family coverage target; audit before expanding older Apple hardware.,P3_verified_or_secondary,,,ship
apple_iphone_14_rear_main,mobile_camera_module,Apple,iPhone 14,,rear_main,,7.6,5.7,9.5,,family_carryover,C,good_estimate,yes,provisional,,Compiled camera specification,,Use automatically as estimated geometry; retain provenance and estimated status.,source_url_missing,Reported as inherited large 12 MP main-camera generation; requires direct source audit.,primary,current_ios_compatible,Current iOS-family coverage target; audit before expanding older Apple hardware.,P2_source_strengthen,source_url_missing,,ship
apple_iphone_14_rear_ultrawide,mobile_camera_module,Apple,iPhone 14,,rear_ultrawide,,4.0,3.0,5.0,,optical_format_conversion,C,good_estimate,yes,provisional,,Compiled camera specification,,Use automatically as estimated geometry; retain provenance and estimated status.,source_url_missing,Requires direct source audit.,primary,current_ios_compatible,Current iOS-family coverage target; audit before expanding older Apple hardware.,P2_source_strengthen,source_url_missing,,ship
apple_iphone_14_plus_rear_main,mobile_camera_module,Apple,iPhone 14 Plus,,rear_main,,7.6,5.7,9.5,,family_carryover,C,good_estimate,yes,provisional,,Compiled camera specification,,Use automatically as estimated geometry; retain provenance and estimated status.,source_url_missing,Reported as inherited large 12 MP main-camera generation; requires direct source audit.,primary,current_ios_compatible,Current iOS-family coverage target; audit before expanding older Apple hardware.,P2_source_strengthen,source_url_missing,,ship
apple_iphone_14_plus_rear_ultrawide,mobile_camera_module,Apple,iPhone 14 Plus,,rear_ultrawide,,4.0,3.0,5.0,,optical_format_conversion,C,good_estimate,yes,provisional,,Compiled camera specification,,Use automatically as estimated geometry; retain provenance and estimated status.,source_url_missing,Requires direct source audit.,primary,current_ios_compatible,Current iOS-family coverage target; audit before expanding older Apple hardware.,P2_source_strengthen,source_url_missing,,ship
apple_iphone_14_pro_rear_main,mobile_camera_module,Apple,iPhone 14 Pro,,rear_main,,9.8,7.3,12.2201,,direct_mm_secondary,B,strong_derived,yes,probable,,DPReview,https://www.dpreview.com/articles/apples-iphone-14-and-14-pro-imaging-tech-examined/,Use automatically; preserve derivation provenance.,,DPReview publishes 9.8 × 7.3 mm.,primary,current_ios_compatible,Current iOS-family coverage target; audit before expanding older Apple hardware.,P3_verified_or_secondary,,,ship
apple_iphone_14_pro_rear_telephoto,mobile_camera_module,Apple,iPhone 14 Pro,,rear_telephoto,,4.0,3.0,5.0,,direct_mm_secondary,B,strong_derived,yes,probable,,DPReview,https://www.dpreview.com/articles/apples-iphone-14-and-14-pro-imaging-tech-examined/,Use automatically; preserve derivation provenance.,,DPReview publishes 4 × 3 mm.,primary,current_ios_compatible,Current iOS-family coverage target; audit before expanding older Apple hardware.,P3_verified_or_secondary,,,ship
apple_iphone_14_pro_rear_ultrawide,mobile_camera_module,Apple,iPhone 14 Pro,,rear_ultrawide,,5.6,4.2,7.0,,direct_mm_secondary,B,strong_derived,yes,probable,,DPReview,https://www.dpreview.com/articles/apples-iphone-14-and-14-pro-imaging-tech-examined/,Use automatically; preserve derivation provenance.,,DPReview publishes 5.6 × 4.2 mm.,primary,current_ios_compatible,Current iOS-family coverage target; audit before expanding older Apple hardware.,P3_verified_or_secondary,,,ship
apple_iphone_14_pro_max_rear_main,mobile_camera_module,Apple,iPhone 14 Pro Max,,rear_main,,9.8,7.3,12.2201,,direct_mm_secondary,B,strong_derived,yes,probable,,DPReview,https://www.dpreview.com/articles/apples-iphone-14-and-14-pro-imaging-tech-examined/,Use automatically; preserve derivation provenance.,,DPReview publishes 9.8 × 7.3 mm.,primary,current_ios_compatible,Current iOS-family coverage target; audit before expanding older Apple hardware.,P3_verified_or_secondary,,,ship
apple_iphone_14_pro_max_rear_telephoto,mobile_camera_module,Apple,iPhone 14 Pro Max,,rear_telephoto,,4.0,3.0,5.0,,direct_mm_secondary,B,strong_derived,yes,probable,,DPReview,https://www.dpreview.com/articles/apples-iphone-14-and-14-pro-imaging-tech-examined/,Use automatically; preserve derivation provenance.,,DPReview publishes 4 × 3 mm.,primary,current_ios_compatible,Current iOS-family coverage target; audit before expanding older Apple hardware.,P3_verified_or_secondary,,,ship
apple_iphone_14_pro_max_rear_ultrawide,mobile_camera_module,Apple,iPhone 14 Pro Max,,rear_ultrawide,,5.6,4.2,7.0,,direct_mm_secondary,B,strong_derived,yes,probable,,DPReview,https://www.dpreview.com/articles/apples-iphone-14-and-14-pro-imaging-tech-examined/,Use automatically; preserve derivation provenance.,,DPReview publishes 5.6 × 4.2 mm.,primary,current_ios_compatible,Current iOS-family coverage target; audit before expanding older Apple hardware.,P3_verified_or_secondary,,,ship
apple_iphone_15_rear_main,mobile_camera_module,Apple,iPhone 15,,rear_main,,8.0,6.0,10.0,,direct_mm_secondary,B,strong_derived,yes,probable,,DPReview,https://www.dpreview.com/articles/apple-s-iphone-15-and-15-pro-imaging-tech-examined/,Use automatically; preserve derivation provenance.,,DPReview publishes 8 × 6 mm.,primary,current_ios_compatible,Current iOS-family coverage target; audit before expanding older Apple hardware.,P3_verified_or_secondary,,,ship
apple_iphone_15_rear_ultrawide,mobile_camera_module,Apple,iPhone 15,,rear_ultrawide,,4.0,3.0,5.0,,family_carryover,C,good_estimate,yes,provisional,,Compiled camera specification,,Use automatically as estimated geometry; retain provenance and estimated status.,source_url_missing,Needs direct source audit.,primary,current_ios_compatible,Current iOS-family coverage target; audit before expanding older Apple hardware.,P2_source_strengthen,source_url_missing,,ship
apple_iphone_15_plus_rear_main,mobile_camera_module,Apple,iPhone 15 Plus,,rear_main,,8.0,6.0,10.0,,direct_mm_secondary,B,strong_derived,yes,probable,,DPReview,https://www.dpreview.com/articles/apple-s-iphone-15-and-15-pro-imaging-tech-examined/,Use automatically; preserve derivation provenance.,,DPReview publishes 8 × 6 mm.,primary,current_ios_compatible,Current iOS-family coverage target; audit before expanding older Apple hardware.,P3_verified_or_secondary,,,ship
apple_iphone_15_plus_rear_ultrawide,mobile_camera_module,Apple,iPhone 15 Plus,,rear_ultrawide,,4.0,3.0,5.0,,family_carryover,C,good_estimate,yes,provisional,,Compiled camera specification,,Use automatically as estimated geometry; retain provenance and estimated status.,source_url_missing,Needs direct source audit.,primary,current_ios_compatible,Current iOS-family coverage target; audit before expanding older Apple hardware.,P2_source_strengthen,source_url_missing,,ship
apple_iphone_15_pro_rear_main,mobile_camera_module,Apple,iPhone 15 Pro,,rear_main,,9.8,7.3,12.2201,,direct_mm_secondary,B,strong_derived,yes,probable,,DPReview,https://www.dpreview.com/articles/apple-s-iphone-15-and-15-pro-imaging-tech-examined/,Use automatically; preserve derivation provenance.,,DPReview publishes 9.8 × 7.3 mm.,primary,current_ios_compatible,Current iOS-family coverage target; audit before expanding older Apple hardware.,P3_verified_or_secondary,,,ship
apple_iphone_15_pro_rear_telephoto,mobile_camera_module,Apple,iPhone 15 Pro,,rear_telephoto,,4.0,3.0,5.0,,direct_mm_secondary,B,strong_derived,yes,probable,,DPReview,https://www.dpreview.com/news/8163093616/iphone-16-pro-worth-upgrading-13-14-15-apple-cameras/,Use automatically; preserve derivation provenance.,,DPReview publishes 4 × 3 mm.,primary,current_ios_compatible,Current iOS-family coverage target; audit before expanding older Apple hardware.,P3_verified_or_secondary,,,ship
apple_iphone_15_pro_rear_ultrawide,mobile_camera_module,Apple,iPhone 15 Pro,,rear_ultrawide,,5.6,4.2,7.0,,direct_mm_secondary,B,strong_derived,yes,probable,,DPReview,https://www.dpreview.com/news/8163093616/iphone-16-pro-worth-upgrading-13-14-15-apple-cameras/,Use automatically; preserve derivation provenance.,,DPReview comparison publishes Type 1/2.55 / 5.6 × 4.2 mm.,primary,current_ios_compatible,Current iOS-family coverage target; audit before expanding older Apple hardware.,P3_verified_or_secondary,,,ship
apple_iphone_15_pro_max_rear_main,mobile_camera_module,Apple,iPhone 15 Pro Max,,rear_main,,9.8,7.3,12.2201,,direct_mm_secondary,B,strong_derived,yes,probable,,DPReview,https://www.dpreview.com/articles/apple-s-iphone-15-and-15-pro-imaging-tech-examined/,Use automatically; preserve derivation provenance.,,Same main sensor geometry as 15 Pro.,primary,current_ios_compatible,Current iOS-family coverage target; audit before expanding older Apple hardware.,P3_verified_or_secondary,,,ship
apple_iphone_15_pro_max_rear_telephoto,mobile_camera_module,Apple,iPhone 15 Pro Max,,rear_telephoto,,4.5,3.4,5.64,,direct_mm_secondary,B,strong_derived,yes,probable,,DPReview,https://www.dpreview.com/news/8163093616/iphone-16-pro-worth-upgrading-13-14-15-apple-cameras/,Use automatically; preserve derivation provenance.,,DPReview comparison publishes 4.5 × 3.4 mm.,primary,current_ios_compatible,Current iOS-family coverage target; audit before expanding older Apple hardware.,P3_verified_or_secondary,,,ship
apple_iphone_15_pro_max_rear_ultrawide,mobile_camera_module,Apple,iPhone 15 Pro Max,,rear_ultrawide,,5.6,4.2,7.0,,direct_mm_secondary,B,strong_derived,yes,probable,,DPReview,https://www.dpreview.com/news/8163093616/iphone-16-pro-worth-upgrading-13-14-15-apple-cameras/,Use automatically; preserve derivation provenance.,,Type 1/2.55.,primary,current_ios_compatible,Current iOS-family coverage target; audit before expanding older Apple hardware.,P3_verified_or_secondary,,,ship
apple_iphone_16_rear_main,mobile_camera_module,Apple,iPhone 16,,rear_main,,8.0,6.0,10.0,,optical_format_conversion,C,good_estimate,yes,probable,,PhoneArena,https://origin.phonearena.com/phones/Apple-iPhone-16_id12240,Good estimate; UI may mark sensor geometry as estimated.,,Source reports Type 1/1.56; normalized ~8 × 6 mm.,primary,current_ios_compatible,Current iOS-family coverage target; audit before expanding older Apple hardware.,P3_verified_or_secondary,,,ship
apple_iphone_16_rear_ultrawide,mobile_camera_module,Apple,iPhone 16,,rear_ultrawide,,5.02,3.77,6.278,"Type 1/2.55"" class",optical_format_conversion,C,good_estimate,yes,probable,secondary_spec_consensus,iPhone 16 ultrawide sensor format — compiled technical sources,,Use automatically as estimated geometry; preserve estimated status.,source_url_missing,Good working estimate from Type 1/2.55-inch class; exact active area remains a future audit target.,primary,current_ios_compatible,Current iOS-family coverage target; audit before expanding older Apple hardware.,P2_source_strengthen,source_url_missing,,ship
apple_iphone_16_plus_rear_main,mobile_camera_module,Apple,iPhone 16 Plus,,rear_main,,8.0,6.0,10.0,,optical_format_conversion,C,good_estimate,yes,probable,,PhoneArena,https://origin.phonearena.com/phones/Apple-iPhone-16_id12240,Good estimate; UI may mark sensor geometry as estimated.,,Source reports Type 1/1.56; normalized ~8 × 6 mm.,primary,current_ios_compatible,Current iOS-family coverage target; audit before expanding older Apple hardware.,P3_verified_or_secondary,,,ship
apple_iphone_16_plus_rear_ultrawide,mobile_camera_module,Apple,iPhone 16 Plus,,rear_ultrawide,,5.02,3.77,6.278,"Type 1/2.55"" class",optical_format_conversion,C,good_estimate,yes,probable,secondary_spec_consensus,iPhone 16 ultrawide sensor format — compiled technical sources,,Use automatically as estimated geometry; preserve estimated status.,source_url_missing,Good working estimate from Type 1/2.55-inch class; exact active area remains a future audit target.,primary,current_ios_compatible,Current iOS-family coverage target; audit before expanding older Apple hardware.,P2_source_strengthen,source_url_missing,,ship
apple_iphone_16_pro_rear_main,mobile_camera_module,Apple,iPhone 16 Pro,,rear_main,,9.8,7.3,12.2201,,direct_mm_secondary,B,strong_derived,yes,probable,,DPReview,https://www.dpreview.com/news/8163093616/iphone-16-pro-worth-upgrading-13-14-15-apple-cameras/,Use automatically; preserve derivation provenance.,,DPReview publishes 9.8 × 7.3 mm.,primary,current_ios_compatible,Current iOS-family coverage target; audit before expanding older Apple hardware.,P3_verified_or_secondary,,,ship
apple_iphone_16_pro_rear_telephoto,mobile_camera_module,Apple,iPhone 16 Pro,,rear_telephoto,,4.5,3.4,5.64,,direct_mm_secondary,B,strong_derived,yes,probable,,DPReview,https://www.dpreview.com/news/8163093616/iphone-16-pro-worth-upgrading-13-14-15-apple-cameras/,Use automatically; preserve derivation provenance.,,DPReview publishes 4.5 × 3.4 mm.,primary,current_ios_compatible,Current iOS-family coverage target; audit before expanding older Apple hardware.,P3_verified_or_secondary,,,ship
apple_iphone_16_pro_rear_ultrawide,mobile_camera_module,Apple,iPhone 16 Pro,,rear_ultrawide,,5.6,4.2,7.0,,direct_mm_secondary,B,strong_derived,yes,probable,,DPReview,https://www.dpreview.com/news/8163093616/iphone-16-pro-worth-upgrading-13-14-15-apple-cameras/,Use automatically; preserve derivation provenance.,,DPReview publishes 5.6 × 4.2 mm.,primary,current_ios_compatible,Current iOS-family coverage target; audit before expanding older Apple hardware.,P3_verified_or_secondary,,,ship
apple_iphone_16_pro_max_rear_main,mobile_camera_module,Apple,iPhone 16 Pro Max,,rear_main,,9.8,7.3,12.2201,,direct_mm_secondary,B,strong_derived,yes,probable,,DPReview,https://www.dpreview.com/news/8163093616/iphone-16-pro-worth-upgrading-13-14-15-apple-cameras/,Use automatically; preserve derivation provenance.,,DPReview publishes 9.8 × 7.3 mm.,primary,current_ios_compatible,Current iOS-family coverage target; audit before expanding older Apple hardware.,P3_verified_or_secondary,,,ship
apple_iphone_16_pro_max_rear_telephoto,mobile_camera_module,Apple,iPhone 16 Pro Max,,rear_telephoto,,4.5,3.4,5.64,,direct_mm_secondary,B,strong_derived,yes,probable,,DPReview,https://www.dpreview.com/news/8163093616/iphone-16-pro-worth-upgrading-13-14-15-apple-cameras/,Use automatically; preserve derivation provenance.,,DPReview publishes 4.5 × 3.4 mm.,primary,current_ios_compatible,Current iOS-family coverage target; audit before expanding older Apple hardware.,P3_verified_or_secondary,,,ship
apple_iphone_16_pro_max_rear_ultrawide,mobile_camera_module,Apple,iPhone 16 Pro Max,,rear_ultrawide,,5.6,4.2,7.0,,direct_mm_secondary,B,strong_derived,yes,probable,,DPReview,https://www.dpreview.com/news/8163093616/iphone-16-pro-worth-upgrading-13-14-15-apple-cameras/,Use automatically; preserve derivation provenance.,,DPReview publishes 5.6 × 4.2 mm.,primary,current_ios_compatible,Current iOS-family coverage target; audit before expanding older Apple hardware.,P3_verified_or_secondary,,,ship
apple_iphone_16e_rear_main,mobile_camera_module,Apple,iPhone 16e,,rear_main,,8.0,6.0,10.0,,family_estimate,C,good_estimate,yes,provisional,,Compiled camera specification,,Use automatically as estimated geometry; retain provenance and estimated status.,source_url_missing,48 MP 26 mm Fusion main; likely Type 1/1.56 class but requires source confirmation.,primary,current_ios_compatible,Current iOS-family coverage target; audit before expanding older Apple hardware.,P2_source_strengthen,source_url_missing,,ship
apple_iphone_17_rear_main,mobile_camera_module,Apple,iPhone 17,,rear_main,,8.0,6.0,10.0,,optical_format_conversion,C,good_estimate,yes,probable,,PhoneArena,https://www.phonearena.com/phones/compare/Apple-iPhone-12-Pro%2CApple-iPhone-17/phones/11294%2C12493,Good estimate; UI may mark sensor geometry as estimated.,,Source reports Type 1/1.56.,primary,current_ios_compatible,Current iOS-family coverage target; audit before expanding older Apple hardware.,P3_verified_or_secondary,,,ship
apple_iphone_17_rear_ultrawide,mobile_camera_module,Apple,iPhone 17,,rear_ultrawide,,5.6,4.2,7.0,,optical_format_conversion,C,good_estimate,yes,probable,,PhoneArena,https://www.phonearena.com/phones/compare/Apple-iPhone-12-Pro%2CApple-iPhone-17/phones/11294%2C12493,Good estimate; UI may mark sensor geometry as estimated.,,Source reports Type 1/2.55.,primary,current_ios_compatible,Current iOS-family coverage target; audit before expanding older Apple hardware.,P3_verified_or_secondary,,,ship
apple_iphone_17_pro_rear_main,mobile_camera_module,Apple,iPhone 17 Pro,,rear_main,,9.8,7.3,12.2201,,optical_format_conversion,C,good_estimate,yes,probable,,PhoneArena,https://origin.phonearena.com/phones/Apple-iPhone-17-Pro_id12495,Good estimate; UI may mark sensor geometry as estimated.,,Source reports Type 1/1.28.,primary,current_ios_compatible,Current iOS-family coverage target; audit before expanding older Apple hardware.,P3_verified_or_secondary,,,ship
apple_iphone_17_pro_rear_telephoto,mobile_camera_module,Apple,iPhone 17 Pro,,rear_telephoto,,5.6,4.2,7.0,,optical_format_conversion,C,good_estimate,yes,probable,,PhoneArena,https://origin.phonearena.com/phones/Apple-iPhone-17-Pro_id12495,Good estimate; UI may mark sensor geometry as estimated.,,Source reports Type 1/2.55.,primary,current_ios_compatible,Current iOS-family coverage target; audit before expanding older Apple hardware.,P3_verified_or_secondary,,,ship
apple_iphone_17_pro_rear_ultrawide,mobile_camera_module,Apple,iPhone 17 Pro,,rear_ultrawide,,5.6,4.2,7.0,,optical_format_conversion,C,good_estimate,yes,probable,,PhoneArena,https://origin.phonearena.com/phones/Apple-iPhone-17-Pro_id12495,Good estimate; UI may mark sensor geometry as estimated.,,Source reports Type 1/2.55.,primary,current_ios_compatible,Current iOS-family coverage target; audit before expanding older Apple hardware.,P3_verified_or_secondary,,,ship
apple_iphone_17_pro_max_rear_main,mobile_camera_module,Apple,iPhone 17 Pro Max,,rear_main,,9.8,7.3,12.2201,,optical_format_conversion,C,good_estimate,yes,probable,,PhoneArena,https://origin.phonearena.com/phones/Apple-iPhone-17-Pro_id12495,Good estimate; UI may mark sensor geometry as estimated.,,Source reports Type 1/1.28.,primary,current_ios_compatible,Current iOS-family coverage target; audit before expanding older Apple hardware.,P3_verified_or_secondary,,,ship
apple_iphone_17_pro_max_rear_telephoto,mobile_camera_module,Apple,iPhone 17 Pro Max,,rear_telephoto,,5.6,4.2,7.0,,optical_format_conversion,C,good_estimate,yes,probable,,PhoneArena,https://origin.phonearena.com/phones/Apple-iPhone-17-Pro_id12495,Good estimate; UI may mark sensor geometry as estimated.,,Source reports Type 1/2.55.,primary,current_ios_compatible,Current iOS-family coverage target; audit before expanding older Apple hardware.,P3_verified_or_secondary,,,ship
apple_iphone_17_pro_max_rear_ultrawide,mobile_camera_module,Apple,iPhone 17 Pro Max,,rear_ultrawide,,5.6,4.2,7.0,,optical_format_conversion,C,good_estimate,yes,probable,,PhoneArena,https://origin.phonearena.com/phones/Apple-iPhone-17-Pro_id12495,Good estimate; UI may mark sensor geometry as estimated.,,Source reports Type 1/2.55.,primary,current_ios_compatible,Current iOS-family coverage target; audit before expanding older Apple hardware.,P3_verified_or_secondary,,,ship
apple_iphone_17e_rear_main,mobile_camera_module,Apple,iPhone 17e,,rear_main,,8.205,6.154,10.2564,"Best available estimate: Type 1/1.56"" class",family_sensor_class_estimate,C,good_estimate,yes,provisional,family_estimate,Apple iPhone 17e technical specifications + family comparison,https://www.apple.com/iphone-17e/specs/,Use automatically as estimated geometry; retain provenance and estimated status.,,Apple does not publish physical active sensor dimensions; retain as explicitly provisional.,primary,current_ios_compatible,Current iOS-family coverage target; audit before expanding older Apple hardware.,P3_verified_or_secondary,,,ship
apple_iphone_18_pro_rear_main,mobile_camera_module,Apple,iPhone 18 Pro,,rear_main,,9.8,7.3,12.2201,,optical_format_conversion,C,good_estimate,yes,probable,,DPReview current Pro comparison,https://www.dpreview.com/articles/iphone-pro-camera-upgrade-guide/,Good estimate; UI may mark sensor geometry as estimated.,,DPReview reports Type 1/1.28 / 71.5 mm²; dimensions normalized to established 9.8 × 7.3 mm geometry.,primary,current_ios_compatible,Current iOS-family coverage target; audit before expanding older Apple hardware.,P3_verified_or_secondary,,,ship
apple_iphone_18_pro_rear_telephoto,mobile_camera_module,Apple,iPhone 18 Pro,,rear_telephoto,,5.6,4.2,7.0,,optical_format_conversion,C,good_estimate,yes,probable,,DPReview current Pro comparison,https://www.dpreview.com/articles/iphone-pro-camera-upgrade-guide/,Good estimate; UI may mark sensor geometry as estimated.,,Current 48 MP telephoto module; Type 1/2.55 class per current comparison.,primary,current_ios_compatible,Current iOS-family coverage target; audit before expanding older Apple hardware.,P3_verified_or_secondary,,,ship
apple_iphone_18_pro_rear_ultrawide,mobile_camera_module,Apple,iPhone 18 Pro,,rear_ultrawide,,5.6,4.2,7.0,,optical_format_conversion,C,good_estimate,yes,probable,,DPReview current Pro comparison,https://www.dpreview.com/articles/iphone-pro-camera-upgrade-guide/,Good estimate; UI may mark sensor geometry as estimated.,,DPReview reports Type 1/2.55.,primary,current_ios_compatible,Current iOS-family coverage target; audit before expanding older Apple hardware.,P3_verified_or_secondary,,,ship
apple_iphone_18_pro_max_rear_main,mobile_camera_module,Apple,iPhone 18 Pro Max,,rear_main,,9.8,7.3,12.2201,,optical_format_conversion,C,good_estimate,yes,probable,,DPReview current Pro comparison,https://www.dpreview.com/articles/iphone-pro-camera-upgrade-guide/,Good estimate; UI may mark sensor geometry as estimated.,,DPReview reports Type 1/1.28 / 71.5 mm²; dimensions normalized to established 9.8 × 7.3 mm geometry.,primary,current_ios_compatible,Current iOS-family coverage target; audit before expanding older Apple hardware.,P3_verified_or_secondary,,,ship
apple_iphone_18_pro_max_rear_telephoto,mobile_camera_module,Apple,iPhone 18 Pro Max,,rear_telephoto,,5.6,4.2,7.0,,optical_format_conversion,C,good_estimate,yes,probable,,DPReview current Pro comparison,https://www.dpreview.com/articles/iphone-pro-camera-upgrade-guide/,Good estimate; UI may mark sensor geometry as estimated.,,Current 48 MP telephoto module; Type 1/2.55 class per current comparison.,primary,current_ios_compatible,Current iOS-family coverage target; audit before expanding older Apple hardware.,P3_verified_or_secondary,,,ship
apple_iphone_18_pro_max_rear_ultrawide,mobile_camera_module,Apple,iPhone 18 Pro Max,,rear_ultrawide,,5.6,4.2,7.0,,optical_format_conversion,C,good_estimate,yes,probable,,DPReview current Pro comparison,https://www.dpreview.com/articles/iphone-pro-camera-upgrade-guide/,Good estimate; UI may mark sensor geometry as estimated.,,DPReview reports Type 1/2.55.,primary,current_ios_compatible,Current iOS-family coverage target; audit before expanding older Apple hardware.,P3_verified_or_secondary,,,ship
apple_iphone_air_rear_main,mobile_camera_module,Apple,iPhone Air,,rear_main,,8.0,6.0,10.0,,optical_format_conversion,C,good_estimate,yes,probable,,PhoneArena,https://www.phonearena.com/phones/Apple-iPhone-Air_id12559,Good estimate; UI may mark sensor geometry as estimated.,,Source reports Type 1/1.56.,primary,current_ios_compatible,Current iOS-family coverage target; audit before expanding older Apple hardware.,P3_verified_or_secondary,,,ship
apple_iphone_se_2nd_generation_rear_main,mobile_camera_module,Apple,iPhone SE (2nd generation),,rear_main,,4.8,3.6,6.0,,optical_format_conversion,C,good_estimate,yes,probable,,PhoneArena,https://www.phonearena.com/phones/Apple-iPhone-SE-2020_id10750,Good estimate; UI may mark sensor geometry as estimated.,,Source reports Type 1/3; SE3 carried forward same basic camera geometry pending individual audit.,primary,current_ios_compatible,Current iOS-family coverage target; audit before expanding older Apple hardware.,P3_verified_or_secondary,,,ship
apple_iphone_se_3rd_generation_rear_main,mobile_camera_module,Apple,iPhone SE (3rd generation),,rear_main,,4.8,3.6,6.0,,optical_format_conversion,C,good_estimate,yes,probable,,PhoneArena,https://www.phonearena.com/phones/Apple-iPhone-SE-2020_id10750,Good estimate; UI may mark sensor geometry as estimated.,,Source reports Type 1/3; SE3 carried forward same basic camera geometry pending individual audit.,primary,current_ios_compatible,Current iOS-family coverage target; audit before expanding older Apple hardware.,P3_verified_or_secondary,,,ship
apple_iphone_xr_rear_main,mobile_camera_module,Apple,iPhone XR,,rear_main,,5.6,4.2,7.0,,optical_format_conversion,C,good_estimate,yes,probable,,PhoneArena / Type 1/2.55 reference,https://www.phonearena.com/phones/Apple-iPhone-XR_id10765,Good estimate; UI may mark sensor geometry as estimated.,,Current security-supported legacy tier; dimensions normalized from Type 1/2.55 optical format.,secondary,recently_outside_current_ios,Keep in LCRD; lower audit priority than current-iOS devices.,P3_verified_or_secondary,,,retain_nonblocking
apple_iphone_xs_rear_main,mobile_camera_module,Apple,iPhone XS,,rear_main,,5.6,4.2,7.0,,optical_format_conversion,C,good_estimate,yes,probable,,PhoneArena / Type 1/2.55 reference,https://www.phonearena.com/phones/Apple-iPhone-XR_id10765,Good estimate; UI may mark sensor geometry as estimated.,,Current security-supported legacy tier; dimensions normalized from Type 1/2.55 optical format.,secondary,recently_outside_current_ios,Keep in LCRD; lower audit priority than current-iOS devices.,P3_verified_or_secondary,,,retain_nonblocking
apple_iphone_xs_rear_telephoto,mobile_camera_module,Apple,iPhone XS,,rear_telephoto,,4.0,3.0,5.0,,optical_format_conversion,C,good_estimate,yes,provisional,,Compiled camera specification,,Use automatically as estimated geometry; retain provenance and estimated status.,source_url_missing,Needs source-link audit; Type ~1/3.4 class.,secondary,recently_outside_current_ios,Keep in LCRD; lower audit priority than current-iOS devices.,P3_verified_or_secondary,source_url_missing,,retain_nonblocking
apple_iphone_xs_max_rear_main,mobile_camera_module,Apple,iPhone XS Max,,rear_main,,5.6,4.2,7.0,,optical_format_conversion,C,good_estimate,yes,probable,,PhoneArena / Type 1/2.55 reference,https://www.phonearena.com/phones/Apple-iPhone-XR_id10765,Good estimate; UI may mark sensor geometry as estimated.,,Current security-supported legacy tier; dimensions normalized from Type 1/2.55 optical format.,secondary,recently_outside_current_ios,Keep in LCRD; lower audit priority than current-iOS devices.,P3_verified_or_secondary,,,retain_nonblocking
apple_iphone_xs_max_rear_telephoto,mobile_camera_module,Apple,iPhone XS Max,,rear_telephoto,,4.0,3.0,5.0,,optical_format_conversion,C,good_estimate,yes,provisional,,Compiled camera specification,,Use automatically as estimated geometry; retain provenance and estimated status.,source_url_missing,Needs source-link audit; Type ~1/3.4 class.,secondary,recently_outside_current_ios,Keep in LCRD; lower audit priority than current-iOS devices.,P3_verified_or_secondary,source_url_missing,,retain_nonblocking
fairphone_fairphone_gen_6_rear_main,mobile_camera_module,Fairphone,Fairphone (Gen. 6),,rear_main,,8.205,6.154,10.2564,"1/1.56""",optical_format_conversion,C,good_estimate,yes,provisional,compiled_spec_value,Compiled Fairphone camera specification,,Use automatically as estimated geometry; retain provenance and estimated status.,source_url_missing,,primary,recent_android_candidate,Keep in active audit set; final installability should be checked against LIMNTPS minSdk/device catalog.,P2_source_strengthen,source_url_missing,,ship
fairphone_fairphone_gen_6_rear_ultrawide,mobile_camera_module,Fairphone,Fairphone (Gen. 6),,rear_ultrawide,,4.638,3.478,5.7972,"1/2.76""",optical_format_conversion,C,good_estimate,yes,provisional,compiled_spec_value,Compiled Fairphone camera specification,,Use automatically as estimated geometry; retain provenance and estimated status.,source_url_missing,,primary,recent_android_candidate,Keep in active audit set; final installability should be checked against LIMNTPS minSdk/device catalog.,P2_source_strengthen,source_url_missing,,ship
fairphone_fairphone_3_rear_main,mobile_camera_module,Fairphone,Fairphone 3,,rear_main,,5.02,3.765,6.275,"1/2.55""",optical_format_conversion,C,good_estimate,yes,provisional,compiled_spec_value,Compiled Fairphone camera specification,,Use automatically as estimated geometry; retain provenance and estimated status.,source_url_missing,,primary,recent_android_candidate,Keep in active audit set; final installability should be checked against LIMNTPS minSdk/device catalog.,P2_source_strengthen,source_url_missing,,ship
fairphone_fairphone_4_rear_main,mobile_camera_module,Fairphone,Fairphone 4,,rear_main,,8.205,6.154,10.2564,"1/1.56""",optical_format_conversion,C,good_estimate,yes,provisional,compiled_spec_value,Compiled Fairphone camera specification,,Use automatically as estimated geometry; retain provenance and estimated status.,source_url_missing,,primary,recent_android_candidate,Keep in active audit set; final installability should be checked against LIMNTPS minSdk/device catalog.,P2_source_strengthen,source_url_missing,,ship
fairphone_fairphone_4_rear_ultrawide,mobile_camera_module,Fairphone,Fairphone 4,,rear_ultrawide,,4.638,3.478,5.7972,"1/2.76""",optical_format_conversion,C,good_estimate,yes,provisional,compiled_spec_value,Compiled Fairphone camera specification,,Use automatically as estimated geometry; retain provenance and estimated status.,source_url_missing,,primary,recent_android_candidate,Keep in active audit set; final installability should be checked against LIMNTPS minSdk/device catalog.,P2_source_strengthen,source_url_missing,,ship
fairphone_fairphone_5_rear_main,mobile_camera_module,Fairphone,Fairphone 5,,rear_main,,8.205,6.154,10.2564,"1/1.56""",optical_format_conversion,C,good_estimate,yes,provisional,compiled_spec_value,Compiled Fairphone camera specification,,Use automatically as estimated geometry; retain provenance and estimated status.,source_url_missing,,primary,recent_android_candidate,Keep in active audit set; final installability should be checked against LIMNTPS minSdk/device catalog.,P2_source_strengthen,source_url_missing,,ship
fairphone_fairphone_5_rear_ultrawide,mobile_camera_module,Fairphone,Fairphone 5,,rear_ultrawide,,4.638,3.478,5.7972,"1/2.76""",optical_format_conversion,C,good_estimate,yes,provisional,compiled_spec_value,Compiled Fairphone camera specification,,Use automatically as estimated geometry; retain provenance and estimated status.,source_url_missing,,primary,recent_android_candidate,Keep in active audit set; final installability should be checked against LIMNTPS minSdk/device catalog.,P2_source_strengthen,source_url_missing,,ship
google_pixel_10_rear_main,mobile_camera_module,Google,Pixel 10,,rear_main,,6.564,4.923,8.205,"1/1.95""",optical_format_conversion,C,good_estimate,yes,provisional,,Compiled current Pixel specification,,Use automatically as estimated geometry; retain provenance and estimated status.,source_url_missing,,primary,recent_android_candidate,Keep in active audit set; final installability should be checked against LIMNTPS minSdk/device catalog.,P2_source_strengthen,source_url_missing,,ship
google_pixel_10_rear_telephoto,mobile_camera_module,Google,Pixel 10,,rear_telephoto,,4.129,3.097,5.1614,"1/3.1""",optical_format_conversion,C,good_estimate,yes,provisional,,Compiled current Pixel specification,,Use automatically as estimated geometry; retain provenance and estimated status.,source_url_missing,,primary,recent_android_candidate,Keep in active audit set; final installability should be checked against LIMNTPS minSdk/device catalog.,P2_source_strengthen,source_url_missing,,ship
google_pixel_10_rear_ultrawide,mobile_camera_module,Google,Pixel 10,,rear_ultrawide,,4.129,3.097,5.1614,"1/3.1""",optical_format_conversion,C,good_estimate,yes,provisional,,Compiled current Pixel specification,,Use automatically as estimated geometry; retain provenance and estimated status.,source_url_missing,,primary,recent_android_candidate,Keep in active audit set; final installability should be checked against LIMNTPS minSdk/device catalog.,P2_source_strengthen,source_url_missing,,ship
google_pixel_10_pro_rear_main,mobile_camera_module,Google,Pixel 10 Pro,,rear_main,Samsung ISOCELL GNV,9.846,7.385,12.3078,"1/1.3""",optical_format_conversion,C,good_estimate,yes,probable,,PhoneArena,https://www.phonearena.com/phones/Google-Pixel-10-Pro_id12652,Good estimate; UI may mark sensor geometry as estimated.,,,primary,recent_android_candidate,Keep in active audit set; final installability should be checked against LIMNTPS minSdk/device catalog.,P3_verified_or_secondary,,,ship
google_pixel_10_pro_rear_telephoto,mobile_camera_module,Google,Pixel 10 Pro,,rear_telephoto,Sony IMX858,5.02,3.765,6.275,"1/2.55""",optical_format_conversion,C,good_estimate,yes,probable,,PhoneArena,https://www.phonearena.com/phones/Google-Pixel-10-Pro_id12652,Good estimate; UI may mark sensor geometry as estimated.,,,primary,recent_android_candidate,Keep in active audit set; final installability should be checked against LIMNTPS minSdk/device catalog.,P3_verified_or_secondary,,,ship
google_pixel_10_pro_rear_ultrawide,mobile_camera_module,Google,Pixel 10 Pro,,rear_ultrawide,Sony IMX858,5.02,3.765,6.275,"1/2.55""",optical_format_conversion,C,good_estimate,yes,probable,,PhoneArena,https://www.phonearena.com/phones/Google-Pixel-10-Pro_id12652,Good estimate; UI may mark sensor geometry as estimated.,,,primary,recent_android_candidate,Keep in active audit set; final installability should be checked against LIMNTPS minSdk/device catalog.,P3_verified_or_secondary,,,ship
google_pixel_10_pro_xl_rear_main,mobile_camera_module,Google,Pixel 10 Pro XL,,rear_main,Samsung ISOCELL GNV,9.846,7.385,12.3078,"1/1.3""",optical_format_conversion,C,good_estimate,yes,probable,,PhoneArena,https://www.phonearena.com/phones/Google-Pixel-10-Pro_id12652,Good estimate; UI may mark sensor geometry as estimated.,,,primary,recent_android_candidate,Keep in active audit set; final installability should be checked against LIMNTPS minSdk/device catalog.,P3_verified_or_secondary,,,ship
google_pixel_10_pro_xl_rear_telephoto,mobile_camera_module,Google,Pixel 10 Pro XL,,rear_telephoto,Sony IMX858,5.02,3.765,6.275,"1/2.55""",optical_format_conversion,C,good_estimate,yes,probable,,PhoneArena,https://www.phonearena.com/phones/Google-Pixel-10-Pro_id12652,Good estimate; UI may mark sensor geometry as estimated.,,,primary,recent_android_candidate,Keep in active audit set; final installability should be checked against LIMNTPS minSdk/device catalog.,P3_verified_or_secondary,,,ship
google_pixel_10_pro_xl_rear_ultrawide,mobile_camera_module,Google,Pixel 10 Pro XL,,rear_ultrawide,Sony IMX858,5.02,3.765,6.275,"1/2.55""",optical_format_conversion,C,good_estimate,yes,probable,,PhoneArena,https://www.phonearena.com/phones/Google-Pixel-10-Pro_id12652,Good estimate; UI may mark sensor geometry as estimated.,,,primary,recent_android_candidate,Keep in active audit set; final installability should be checked against LIMNTPS minSdk/device catalog.,P3_verified_or_secondary,,,ship
google_pixel_6_rear_main,mobile_camera_module,Google,Pixel 6,,rear_main,,9.771,7.328,12.2136,"1/1.31""",optical_format_conversion,C,good_estimate,yes,probable,,Google Pixel hardware tech specs,https://support.google.com/pixelphone/answer/7158570?hl=en,Good estimate; UI may mark sensor geometry as estimated.,,Google publishes 1/1.31-inch main sensor.,primary,recent_android_candidate,Keep in active audit set; final installability should be checked against LIMNTPS minSdk/device catalog.,P3_verified_or_secondary,,,ship
google_pixel_6_rear_ultrawide,mobile_camera_module,Google,Pixel 6,,rear_ultrawide,,4.414,3.31,5.5172,"1/2.9""",optical_format_conversion,C,good_estimate,yes,provisional,,Compiled Pixel camera specification,,Use automatically as estimated geometry; retain provenance and estimated status.,source_url_missing,,primary,recent_android_candidate,Keep in active audit set; final installability should be checked against LIMNTPS minSdk/device catalog.,P2_source_strengthen,source_url_missing,,ship
google_pixel_6_pro_rear_main,mobile_camera_module,Google,Pixel 6 Pro,,rear_main,,9.771,7.328,12.2136,"1/1.31""",optical_format_conversion,C,good_estimate,yes,probable,,Google Pixel hardware tech specs,https://support.google.com/pixelphone/answer/7158570?hl=en,Good estimate; UI may mark sensor geometry as estimated.,,Google publishes 1/1.31-inch main sensor.,primary,recent_android_candidate,Keep in active audit set; final installability should be checked against LIMNTPS minSdk/device catalog.,P3_verified_or_secondary,,,ship
google_pixel_6_pro_rear_telephoto,mobile_camera_module,Google,Pixel 6 Pro,,rear_telephoto,,6.4,4.8,8.0,"1/2.0""",optical_format_conversion,C,good_estimate,yes,probable,,Google Pixel hardware tech specs,https://support.google.com/pixelphone/answer/7158570?hl=en,Good estimate; UI may mark sensor geometry as estimated.,,Google publishes 1/2-inch telephoto sensor.,primary,recent_android_candidate,Keep in active audit set; final installability should be checked against LIMNTPS minSdk/device catalog.,P3_verified_or_secondary,,,ship
google_pixel_6_pro_rear_ultrawide,mobile_camera_module,Google,Pixel 6 Pro,,rear_ultrawide,,4.414,3.31,5.5172,"1/2.9""",optical_format_conversion,C,good_estimate,yes,provisional,,Compiled Pixel camera specification,,Use automatically as estimated geometry; retain provenance and estimated status.,source_url_missing,,primary,recent_android_candidate,Keep in active audit set; final installability should be checked against LIMNTPS minSdk/device catalog.,P2_source_strengthen,source_url_missing,,ship
google_pixel_6a_rear_main,mobile_camera_module,Google,Pixel 6a,,rear_main,,5.02,3.765,6.275,"1/2.55""",optical_format_conversion,C,good_estimate,yes,provisional,,Compiled Pixel camera specification,,Use automatically as estimated geometry; retain provenance and estimated status.,source_url_missing,Older 12.2 MP main; exact format requires source audit.,primary,recent_android_candidate,Keep in active audit set; final installability should be checked against LIMNTPS minSdk/device catalog.,P2_source_strengthen,source_url_missing,,ship
google_pixel_6a_rear_ultrawide,mobile_camera_module,Google,Pixel 6a,,rear_ultrawide,,4.129,3.097,5.1614,"1/3.1""",optical_format_conversion,C,good_estimate,yes,provisional,,Compiled Pixel camera specification,,Use automatically as estimated geometry; retain provenance and estimated status.,source_url_missing,,primary,recent_android_candidate,Keep in active audit set; final installability should be checked against LIMNTPS minSdk/device catalog.,P2_source_strengthen,source_url_missing,,ship
google_pixel_7_rear_main,mobile_camera_module,Google,Pixel 7,,rear_main,,9.771,7.328,12.2136,"1/1.31""",optical_format_conversion,C,good_estimate,yes,probable,,PhoneArena / Google,https://www.phonearena.com/phones/Google-Pixel-7-Pro_id11907,Good estimate; UI may mark sensor geometry as estimated.,,,primary,recent_android_candidate,Keep in active audit set; final installability should be checked against LIMNTPS minSdk/device catalog.,P3_verified_or_secondary,,,ship
google_pixel_7_rear_ultrawide,mobile_camera_module,Google,Pixel 7,,rear_ultrawide,,4.414,3.31,5.5172,"1/2.9""",optical_format_conversion,C,good_estimate,yes,probable,,PhoneArena,https://www.phonearena.com/phones/Google-Pixel-7-Pro_id11907,Good estimate; UI may mark sensor geometry as estimated.,,,primary,recent_android_candidate,Keep in active audit set; final installability should be checked against LIMNTPS minSdk/device catalog.,P3_verified_or_secondary,,,ship
google_pixel_7_pro_rear_main,mobile_camera_module,Google,Pixel 7 Pro,,rear_main,,9.771,7.328,12.2136,"1/1.31""",optical_format_conversion,C,good_estimate,yes,probable,,PhoneArena / Google,https://www.phonearena.com/phones/Google-Pixel-7-Pro_id11907,Good estimate; UI may mark sensor geometry as estimated.,,,primary,recent_android_candidate,Keep in active audit set; final installability should be checked against LIMNTPS minSdk/device catalog.,P3_verified_or_secondary,,,ship
google_pixel_7_pro_rear_telephoto,mobile_camera_module,Google,Pixel 7 Pro,,rear_telephoto,,5.02,3.765,6.275,"1/2.55""",optical_format_conversion,C,good_estimate,yes,probable,,PhoneArena,https://www.phonearena.com/phones/Google-Pixel-7-Pro_id11907,Good estimate; UI may mark sensor geometry as estimated.,,,primary,recent_android_candidate,Keep in active audit set; final installability should be checked against LIMNTPS minSdk/device catalog.,P3_verified_or_secondary,,,ship
google_pixel_7_pro_rear_ultrawide,mobile_camera_module,Google,Pixel 7 Pro,,rear_ultrawide,,4.414,3.31,5.5172,"1/2.9""",optical_format_conversion,C,good_estimate,yes,probable,,PhoneArena,https://www.phonearena.com/phones/Google-Pixel-7-Pro_id11907,Good estimate; UI may mark sensor geometry as estimated.,,,primary,recent_android_candidate,Keep in active audit set; final installability should be checked against LIMNTPS minSdk/device catalog.,P3_verified_or_secondary,,,ship
google_pixel_7a_rear_main,mobile_camera_module,Google,Pixel 7a,,rear_main,,7.399,5.549,9.2486,"1/1.73""",optical_format_conversion,C,good_estimate,yes,provisional,,Compiled Pixel specification,,Use automatically as estimated geometry; retain provenance and estimated status.,source_url_missing,,primary,recent_android_candidate,Keep in active audit set; final installability should be checked against LIMNTPS minSdk/device catalog.,P2_source_strengthen,source_url_missing,,ship
google_pixel_7a_rear_ultrawide,mobile_camera_module,Google,Pixel 7a,,rear_ultrawide,,4.129,3.097,5.1614,"1/3.1""",optical_format_conversion,C,good_estimate,yes,provisional,,Compiled Pixel specification,,Use automatically as estimated geometry; retain provenance and estimated status.,source_url_missing,,primary,recent_android_candidate,Keep in active audit set; final installability should be checked against LIMNTPS minSdk/device catalog.,P2_source_strengthen,source_url_missing,,ship
google_pixel_8_rear_main,mobile_camera_module,Google,Pixel 8,,rear_main,,9.771,7.328,12.2136,"1/1.31""",optical_format_conversion,C,good_estimate,yes,probable,,PhoneArena,https://www.phonearena.com/phones/Google-Pixel-8_id12143,Good estimate; UI may mark sensor geometry as estimated.,,,primary,recent_android_candidate,Keep in active audit set; final installability should be checked against LIMNTPS minSdk/device catalog.,P3_verified_or_secondary,,,ship
google_pixel_8_rear_ultrawide,mobile_camera_module,Google,Pixel 8,,rear_ultrawide,,4.129,3.097,5.1614,"1/3.1""",optical_format_conversion,C,good_estimate,yes,provisional,,Compiled Pixel specification,,Use automatically as estimated geometry; retain provenance and estimated status.,source_url_missing,,primary,recent_android_candidate,Keep in active audit set; final installability should be checked against LIMNTPS minSdk/device catalog.,P2_source_strengthen,source_url_missing,,ship
google_pixel_8_pro_rear_main,mobile_camera_module,Google,Pixel 8 Pro,,rear_main,Samsung S5KGM5,9.771,7.328,12.2136,"1/1.31""",optical_format_conversion,C,good_estimate,yes,probable,,PhoneArena,https://www.phonearena.com/phones/Google-Pixel-8-Pro_id12144,Good estimate; UI may mark sensor geometry as estimated.,,,primary,recent_android_candidate,Keep in active audit set; final installability should be checked against LIMNTPS minSdk/device catalog.,P3_verified_or_secondary,,,ship
google_pixel_8_pro_rear_telephoto,mobile_camera_module,Google,Pixel 8 Pro,,rear_telephoto,Sony IMX787,5.02,3.765,6.275,"1/2.55""",optical_format_conversion,C,good_estimate,yes,probable,,PhoneArena,https://www.phonearena.com/phones/Google-Pixel-8-Pro_id12144,Good estimate; UI may mark sensor geometry as estimated.,,,primary,recent_android_candidate,Keep in active audit set; final installability should be checked against LIMNTPS minSdk/device catalog.,P3_verified_or_secondary,,,ship
google_pixel_8_pro_rear_ultrawide,mobile_camera_module,Google,Pixel 8 Pro,,rear_ultrawide,,6.4,4.8,8.0,"1/2.0""",optical_format_conversion,C,good_estimate,yes,probable,,Compiled Pixel specification,,Good estimate; UI may mark sensor geometry as estimated.,source_url_missing,48 MP 0.8 µm class; optical format requires audit.,primary,recent_android_candidate,Keep in active audit set; final installability should be checked against LIMNTPS minSdk/device catalog.,P2_source_strengthen,source_url_missing,,ship
google_pixel_8a_rear_main,mobile_camera_module,Google,Pixel 8a,,rear_main,,7.399,5.549,9.2486,"1/1.73""",optical_format_conversion,C,good_estimate,yes,probable,,PhoneArena,https://www.phonearena.com/phones/Google-Pixel-8a_id12219,Good estimate; UI may mark sensor geometry as estimated.,,,primary,recent_android_candidate,Keep in active audit set; final installability should be checked against LIMNTPS minSdk/device catalog.,P3_verified_or_secondary,,,ship
google_pixel_8a_rear_ultrawide,mobile_camera_module,Google,Pixel 8a,,rear_ultrawide,,4.129,3.097,5.1614,"1/3.1""",optical_format_conversion,C,good_estimate,yes,provisional,,Compiled Pixel specification,,Use automatically as estimated geometry; retain provenance and estimated status.,source_url_missing,,primary,recent_android_candidate,Keep in active audit set; final installability should be checked against LIMNTPS minSdk/device catalog.,P2_source_strengthen,source_url_missing,,ship
google_pixel_9_rear_main,mobile_camera_module,Google,Pixel 9,,rear_main,Samsung ISOCELL GNK,9.771,7.328,12.2136,"1/1.31""",optical_format_conversion,C,good_estimate,yes,probable,,Google / PhoneArena,https://www.phonearena.com/phones/Google-Pixel-9-Pro_id12285,Good estimate; UI may mark sensor geometry as estimated.,,,primary,recent_android_candidate,Keep in active audit set; final installability should be checked against LIMNTPS minSdk/device catalog.,P3_verified_or_secondary,,,ship
google_pixel_9_rear_ultrawide,mobile_camera_module,Google,Pixel 9,,rear_ultrawide,Sony IMX858,5.02,3.765,6.275,"1/2.55""",optical_format_conversion,C,good_estimate,yes,probable,,PhoneArena,https://www.phonearena.com/phones/Google-Pixel-9-Pro_id12285,Good estimate; UI may mark sensor geometry as estimated.,,,primary,recent_android_candidate,Keep in active audit set; final installability should be checked against LIMNTPS minSdk/device catalog.,P3_verified_or_secondary,,,ship
google_pixel_9_pro_rear_main,mobile_camera_module,Google,Pixel 9 Pro,,rear_main,Samsung ISOCELL GNK,9.771,7.328,12.2136,"1/1.31""",optical_format_conversion,C,good_estimate,yes,probable,,Google / PhoneArena,https://www.phonearena.com/phones/Google-Pixel-9-Pro_id12285,Good estimate; UI may mark sensor geometry as estimated.,,,primary,recent_android_candidate,Keep in active audit set; final installability should be checked against LIMNTPS minSdk/device catalog.,P3_verified_or_secondary,,,ship
google_pixel_9_pro_rear_telephoto,mobile_camera_module,Google,Pixel 9 Pro,,rear_telephoto,Sony IMX858,5.02,3.765,6.275,"1/2.55""",optical_format_conversion,C,good_estimate,yes,probable,,PhoneArena,https://www.phonearena.com/phones/Google-Pixel-9-Pro_id12285,Good estimate; UI may mark sensor geometry as estimated.,,,primary,recent_android_candidate,Keep in active audit set; final installability should be checked against LIMNTPS minSdk/device catalog.,P3_verified_or_secondary,,,ship
google_pixel_9_pro_rear_ultrawide,mobile_camera_module,Google,Pixel 9 Pro,,rear_ultrawide,Sony IMX858,5.02,3.765,6.275,"1/2.55""",optical_format_conversion,C,good_estimate,yes,probable,,PhoneArena,https://www.phonearena.com/phones/Google-Pixel-9-Pro_id12285,Good estimate; UI may mark sensor geometry as estimated.,,,primary,recent_android_candidate,Keep in active audit set; final installability should be checked against LIMNTPS minSdk/device catalog.,P3_verified_or_secondary,,,ship
google_pixel_9_pro_xl_rear_main,mobile_camera_module,Google,Pixel 9 Pro XL,,rear_main,Samsung ISOCELL GNK,9.771,7.328,12.2136,"1/1.31""",optical_format_conversion,C,good_estimate,yes,probable,,Google / PhoneArena,https://www.phonearena.com/phones/Google-Pixel-9-Pro_id12285,Good estimate; UI may mark sensor geometry as estimated.,,,primary,recent_android_candidate,Keep in active audit set; final installability should be checked against LIMNTPS minSdk/device catalog.,P3_verified_or_secondary,,,ship
google_pixel_9_pro_xl_rear_telephoto,mobile_camera_module,Google,Pixel 9 Pro XL,,rear_telephoto,Sony IMX858,5.02,3.765,6.275,"1/2.55""",optical_format_conversion,C,good_estimate,yes,probable,,PhoneArena,https://www.phonearena.com/phones/Google-Pixel-9-Pro_id12285,Good estimate; UI may mark sensor geometry as estimated.,,,primary,recent_android_candidate,Keep in active audit set; final installability should be checked against LIMNTPS minSdk/device catalog.,P3_verified_or_secondary,,,ship
google_pixel_9_pro_xl_rear_ultrawide,mobile_camera_module,Google,Pixel 9 Pro XL,,rear_ultrawide,Sony IMX858,5.02,3.765,6.275,"1/2.55""",optical_format_conversion,C,good_estimate,yes,probable,,PhoneArena,https://www.phonearena.com/phones/Google-Pixel-9-Pro_id12285,Good estimate; UI may mark sensor geometry as estimated.,,,primary,recent_android_candidate,Keep in active audit set; final installability should be checked against LIMNTPS minSdk/device catalog.,P3_verified_or_secondary,,,ship
google_pixel_9a_rear_main,mobile_camera_module,Google,Pixel 9a,,rear_main,,6.4,4.8,8.0,"1/2.0""",optical_format_conversion,C,good_estimate,yes,provisional,,Compiled Pixel specification,,Use automatically as estimated geometry; retain provenance and estimated status.,source_url_missing,,primary,recent_android_candidate,Keep in active audit set; final installability should be checked against LIMNTPS minSdk/device catalog.,P2_source_strengthen,source_url_missing,,ship
google_pixel_9a_rear_ultrawide,mobile_camera_module,Google,Pixel 9a,,rear_ultrawide,,4.129,3.097,5.1614,"1/3.1""",optical_format_conversion,C,good_estimate,yes,provisional,,Compiled Pixel specification,,Use automatically as estimated geometry; retain provenance and estimated status.,source_url_missing,,primary,recent_android_candidate,Keep in active audit set; final installability should be checked against LIMNTPS minSdk/device catalog.,P2_source_strengthen,source_url_missing,,ship
motorola_moto_g_2025_rear_macro,mobile_camera_module,Motorola,Moto G (2025),,rear_macro,,2.84,2.13,3.55,,direct_mm,A,verified,yes,provisional,manufacturer_data_derived,Motorola official specifications,https://www.motorola.com/us/en/p/phones/moto-g/moto-g-2025/pmipmhh39mq,Use automatically.,,Derived from 2 MP / 1.75 µm; active raster approximation.,primary,recent_android_candidate,Keep in active audit set; final installability should be checked against LIMNTPS minSdk/device catalog.,P3_verified_or_secondary,,,ship
motorola_moto_g_2025_rear_main,mobile_camera_module,Motorola,Moto G (2025),,rear_main,,4.978,3.733,6.2222,,direct_mm,A,verified,yes,probable,manufacturer_data_derived,Motorola official specifications,https://www.motorola.com/us/en/p/phones/moto-g/moto-g-2025/pmipmhh39mq,Use automatically.,,Derived from manufacturer-published 50 MP and 0.64 µm nominal pixel pitch; nominal 4:3 raster approximation.,primary,recent_android_candidate,Keep in active audit set; final installability should be checked against LIMNTPS minSdk/device catalog.,P3_verified_or_secondary,,,ship
motorola_moto_g_5g_2023_rear_macro,mobile_camera_module,Motorola,Moto G 5G (2023),,rear_macro,,2.56,1.92,3.2,"1/5.0""",optical_format_conversion,C,good_estimate,yes,provisional,compiled_spec_value,Compiled device camera specification,,Use automatically as estimated geometry; retain provenance and estimated status.,source_url_missing,,primary,recent_android_candidate,Keep in active audit set; final installability should be checked against LIMNTPS minSdk/device catalog.,P2_source_strengthen,source_url_missing,,ship
motorola_moto_g_5g_2023_rear_main,mobile_camera_module,Motorola,Moto G 5G (2023),,rear_main,,4.638,3.478,5.7972,"1/2.76""",optical_format_conversion,C,good_estimate,yes,provisional,compiled_spec_value,Compiled device camera specification,,Use automatically as estimated geometry; retain provenance and estimated status.,source_url_missing,,primary,recent_android_candidate,Keep in active audit set; final installability should be checked against LIMNTPS minSdk/device catalog.,P2_source_strengthen,source_url_missing,,ship
motorola_moto_g_5g_2024_rear_macro,mobile_camera_module,Motorola,Moto G 5G (2024),,rear_macro,,2.56,1.92,3.2,"1/5.0""",optical_format_conversion,C,good_estimate,yes,provisional,compiled_spec_value,Compiled device camera specification,,Use automatically as estimated geometry; retain provenance and estimated status.,source_url_missing,,primary,recent_android_candidate,Keep in active audit set; final installability should be checked against LIMNTPS minSdk/device catalog.,P2_source_strengthen,source_url_missing,,ship
motorola_moto_g_5g_2024_rear_main,mobile_camera_module,Motorola,Moto G 5G (2024),,rear_main,,6.564,4.923,8.205,"1/1.95""",optical_format_conversion,C,good_estimate,yes,provisional,compiled_spec_value,Compiled device camera specification,,Use automatically as estimated geometry; retain provenance and estimated status.,source_url_missing,,primary,recent_android_candidate,Keep in active audit set; final installability should be checked against LIMNTPS minSdk/device catalog.,P2_source_strengthen,source_url_missing,,ship
motorola_moto_g_power_2025_rear_main,mobile_camera_module,Motorola,Moto G Power (2025),,rear_main,,4.978,3.733,6.2222,,direct_mm,A,verified,yes,probable,manufacturer_data_derived,Motorola official specifications,https://www.motorola.com/us/en/p/phones/moto-g/moto-g-power-2025/pmipmhi39mv,Use automatically.,,Derived from manufacturer-published 50 MP and 0.61 µm pixel pitch; exact active raster may differ slightly.,primary,recent_android_candidate,Keep in active audit set; final installability should be checked against LIMNTPS minSdk/device catalog.,P3_verified_or_secondary,,,ship
motorola_moto_g_power_2025_rear_ultrawide,mobile_camera_module,Motorola,Moto G Power (2025),,rear_ultrawide,,3.654,2.741,4.5678,,direct_mm,A,verified,yes,probable,manufacturer_data_derived,Motorola official specifications,https://www.motorola.com/us/en/p/phones/moto-g/moto-g-power-2025/pmipmhi39mv,Use automatically.,,Derived from manufacturer-published 8 MP and 1.12 µm pixel pitch assuming nominal 3264×2448 active raster.,primary,recent_android_candidate,Keep in active audit set; final installability should be checked against LIMNTPS minSdk/device catalog.,P3_verified_or_secondary,,,ship
motorola_moto_g_power_5g_2023_rear_macro,mobile_camera_module,Motorola,Moto G Power 5G (2023),,rear_macro,,2.56,1.92,3.2,"1/5.0""",optical_format_conversion,C,good_estimate,yes,provisional,compiled_spec_value,Compiled device camera specification,,Use automatically as estimated geometry; retain provenance and estimated status.,source_url_missing,,primary,recent_android_candidate,Keep in active audit set; final installability should be checked against LIMNTPS minSdk/device catalog.,P2_source_strengthen,source_url_missing,,ship
motorola_moto_g_power_5g_2023_rear_main,mobile_camera_module,Motorola,Moto G Power 5G (2023),,rear_main,,6.4,4.8,8.0,"1/2.0""",optical_format_conversion,C,good_estimate,yes,provisional,compiled_spec_value,Compiled device camera specification,,Use automatically as estimated geometry; retain provenance and estimated status.,source_url_missing,,primary,recent_android_candidate,Keep in active audit set; final installability should be checked against LIMNTPS minSdk/device catalog.,P2_source_strengthen,source_url_missing,,ship
motorola_moto_g_power_5g_2023_rear_ultrawide,mobile_camera_module,Motorola,Moto G Power 5G (2023),,rear_ultrawide,,3.2,2.4,4.0,"1/4.0""",optical_format_conversion,C,good_estimate,yes,provisional,compiled_spec_value,Compiled device camera specification,,Use automatically as estimated geometry; retain provenance and estimated status.,source_url_missing,,primary,recent_android_candidate,Keep in active audit set; final installability should be checked against LIMNTPS minSdk/device catalog.,P2_source_strengthen,source_url_missing,,ship
motorola_moto_g_power_5g_2024_rear_main,mobile_camera_module,Motorola,Moto G Power 5G (2024),,rear_main,,6.564,4.923,8.205,"1/1.95""",optical_format_conversion,C,good_estimate,yes,provisional,compiled_spec_value,Compiled device camera specification,,Use automatically as estimated geometry; retain provenance and estimated status.,source_url_missing,,primary,recent_android_candidate,Keep in active audit set; final installability should be checked against LIMNTPS minSdk/device catalog.,P2_source_strengthen,source_url_missing,,ship
motorola_moto_g_power_5g_2024_rear_ultrawide,mobile_camera_module,Motorola,Moto G Power 5G (2024),,rear_ultrawide,,3.2,2.4,4.0,"1/4.0""",optical_format_conversion,C,good_estimate,yes,provisional,compiled_spec_value,Compiled device camera specification,,Use automatically as estimated geometry; retain provenance and estimated status.,source_url_missing,,primary,recent_android_candidate,Keep in active audit set; final installability should be checked against LIMNTPS minSdk/device catalog.,P2_source_strengthen,source_url_missing,,ship
motorola_moto_g_stylus_5g_2022_rear_macro,mobile_camera_module,Motorola,Moto G Stylus 5G (2022),,rear_macro,,2.56,1.92,3.2,"1/5.0""",optical_format_conversion,C,good_estimate,yes,provisional,compiled_spec_value,Compiled device camera specification,,Use automatically as estimated geometry; retain provenance and estimated status.,source_url_missing,,primary,recent_android_candidate,Keep in active audit set; final installability should be checked against LIMNTPS minSdk/device catalog.,P2_source_strengthen,source_url_missing,,ship
motorola_moto_g_stylus_5g_2022_rear_main,mobile_camera_module,Motorola,Moto G Stylus 5G (2022),,rear_main,,6.564,4.923,8.205,"1/1.95""",optical_format_conversion,C,good_estimate,yes,provisional,compiled_spec_value,Compiled device camera specification,,Use automatically as estimated geometry; retain provenance and estimated status.,source_url_missing,,primary,recent_android_candidate,Keep in active audit set; final installability should be checked against LIMNTPS minSdk/device catalog.,P2_source_strengthen,source_url_missing,,ship
motorola_moto_g_stylus_5g_2022_rear_ultrawide,mobile_camera_module,Motorola,Moto G Stylus 5G (2022),,rear_ultrawide,,3.2,2.4,4.0,"1/4.0""",optical_format_conversion,C,good_estimate,yes,provisional,compiled_spec_value,Compiled device camera specification,,Use automatically as estimated geometry; retain provenance and estimated status.,source_url_missing,,primary,recent_android_candidate,Keep in active audit set; final installability should be checked against LIMNTPS minSdk/device catalog.,P2_source_strengthen,source_url_missing,,ship
motorola_moto_g_stylus_5g_2023_rear_macro,mobile_camera_module,Motorola,Moto G Stylus 5G (2023),,rear_macro,,2.56,1.92,3.2,"1/5.0""",optical_format_conversion,C,good_estimate,yes,provisional,compiled_spec_value,Compiled device camera specification,,Use automatically as estimated geometry; retain provenance and estimated status.,source_url_missing,,primary,recent_android_candidate,Keep in active audit set; final installability should be checked against LIMNTPS minSdk/device catalog.,P2_source_strengthen,source_url_missing,,ship
motorola_moto_g_stylus_5g_2023_rear_main,mobile_camera_module,Motorola,Moto G Stylus 5G (2023),,rear_main,,6.564,4.923,8.205,"1/1.95""",optical_format_conversion,C,good_estimate,yes,provisional,compiled_spec_value,Compiled device camera specification,,Use automatically as estimated geometry; retain provenance and estimated status.,source_url_missing,,primary,recent_android_candidate,Keep in active audit set; final installability should be checked against LIMNTPS minSdk/device catalog.,P2_source_strengthen,source_url_missing,,ship
motorola_moto_g_stylus_5g_2023_rear_ultrawide,mobile_camera_module,Motorola,Moto G Stylus 5G (2023),,rear_ultrawide,,3.2,2.4,4.0,"1/4.0""",optical_format_conversion,C,good_estimate,yes,provisional,compiled_spec_value,Compiled device camera specification,,Use automatically as estimated geometry; retain provenance and estimated status.,source_url_missing,,primary,recent_android_candidate,Keep in active audit set; final installability should be checked against LIMNTPS minSdk/device catalog.,P2_source_strengthen,source_url_missing,,ship
motorola_moto_g_stylus_5g_2024_rear_main,mobile_camera_module,Motorola,Moto G Stylus 5G (2024),,rear_main,,8.205,6.154,10.2564,"1/1.56""",optical_format_conversion,C,good_estimate,yes,provisional,compiled_spec_value,Compiled device camera specification,,Use automatically as estimated geometry; retain provenance and estimated status.,source_url_missing,,primary,recent_android_candidate,Keep in active audit set; final installability should be checked against LIMNTPS minSdk/device catalog.,P2_source_strengthen,source_url_missing,,ship
motorola_moto_g_stylus_5g_2024_rear_ultrawide,mobile_camera_module,Motorola,Moto G Stylus 5G (2024),,rear_ultrawide,,4.267,3.2,5.3336,"1/3.0""",optical_format_conversion,C,good_estimate,yes,provisional,compiled_spec_value,Compiled device camera specification,,Use automatically as estimated geometry; retain provenance and estimated status.,source_url_missing,,primary,recent_android_candidate,Keep in active audit set; final installability should be checked against LIMNTPS minSdk/device catalog.,P2_source_strengthen,source_url_missing,,ship
motorola_moto_g_stylus_5g_2025_rear_main,mobile_camera_module,Motorola,Moto G Stylus 5G (2025),,rear_main,,8.205,6.154,10.2564,"1/1.56""",optical_format_conversion,C,good_estimate,yes,probable,secondary_source_verified,PhoneArena,https://www.phonearena.com/phones/Motorola-Moto-G-Stylus-5G-2025_id12684,Good estimate; UI may mark sensor geometry as estimated.,,,primary,recent_android_candidate,Keep in active audit set; final installability should be checked against LIMNTPS minSdk/device catalog.,P3_verified_or_secondary,,,ship
motorola_moto_g_stylus_5g_2025_rear_ultrawide,mobile_camera_module,Motorola,Moto G Stylus 5G (2025),,rear_ultrawide,,4.267,3.2,5.3336,"1/3.0""",optical_format_conversion,C,good_estimate,yes,probable,secondary_source_verified,PhoneArena,https://www.phonearena.com/phones/Motorola-Moto-G-Stylus-5G-2025_id12684,Good estimate; UI may mark sensor geometry as estimated.,,,primary,recent_android_candidate,Keep in active audit set; final installability should be checked against LIMNTPS minSdk/device catalog.,P3_verified_or_secondary,,,ship
motorola_motorola_edge_2022_rear_macro,mobile_camera_module,Motorola,Motorola Edge (2022),,rear_macro,,2.56,1.92,3.2,"1/5.0""",optical_format_conversion,C,good_estimate,yes,provisional,compiled_spec_value,Compiled device camera specification,,Use automatically as estimated geometry; retain provenance and estimated status.,source_url_missing,,primary,recent_android_candidate,Keep in active audit set; final installability should be checked against LIMNTPS minSdk/device catalog.,P2_source_strengthen,source_url_missing,,ship
motorola_motorola_edge_2022_rear_main,mobile_camera_module,Motorola,Motorola Edge (2022),,rear_main,,8.258,6.194,10.3228,"1/1.55""",optical_format_conversion,C,good_estimate,yes,provisional,compiled_spec_value,Compiled device camera specification,,Use automatically as estimated geometry; retain provenance and estimated status.,source_url_missing,,primary,recent_android_candidate,Keep in active audit set; final installability should be checked against LIMNTPS minSdk/device catalog.,P2_source_strengthen,source_url_missing,,ship
motorola_motorola_edge_2022_rear_ultrawide,mobile_camera_module,Motorola,Motorola Edge (2022),,rear_ultrawide,,5.818,4.364,7.2728,"1/2.2""",optical_format_conversion,C,good_estimate,yes,provisional,compiled_spec_value,Compiled device camera specification,,Use automatically as estimated geometry; retain provenance and estimated status.,source_url_missing,,primary,recent_android_candidate,Keep in active audit set; final installability should be checked against LIMNTPS minSdk/device catalog.,P2_source_strengthen,source_url_missing,,ship
motorola_motorola_edge_2023_rear_main,mobile_camera_module,Motorola,Motorola Edge (2023),,rear_main,,8.258,6.194,10.3228,"1/1.55""",optical_format_conversion,C,good_estimate,yes,provisional,compiled_spec_value,Compiled device camera specification,,Use automatically as estimated geometry; retain provenance and estimated status.,source_url_missing,,primary,recent_android_candidate,Keep in active audit set; final installability should be checked against LIMNTPS minSdk/device catalog.,P2_source_strengthen,source_url_missing,,ship
motorola_motorola_edge_2023_rear_ultrawide,mobile_camera_module,Motorola,Motorola Edge (2023),,rear_ultrawide,,6.4,4.8,8.0,"1/2.0""",optical_format_conversion,C,good_estimate,yes,provisional,compiled_spec_value,Compiled device camera specification,,Use automatically as estimated geometry; retain provenance and estimated status.,source_url_missing,,primary,recent_android_candidate,Keep in active audit set; final installability should be checked against LIMNTPS minSdk/device catalog.,P2_source_strengthen,source_url_missing,,ship
motorola_motorola_edge_2024_rear_main,mobile_camera_module,Motorola,Motorola Edge (2024),,rear_main,,8.258,6.194,10.3228,"1/1.55""",optical_format_conversion,C,good_estimate,yes,provisional,compiled_spec_value,Compiled device camera specification,,Use automatically as estimated geometry; retain provenance and estimated status.,source_url_missing,,primary,recent_android_candidate,Keep in active audit set; final installability should be checked against LIMNTPS minSdk/device catalog.,P2_source_strengthen,source_url_missing,,ship
motorola_motorola_edge_2024_rear_ultrawide,mobile_camera_module,Motorola,Motorola Edge (2024),,rear_ultrawide,,6.4,4.8,8.0,"1/2.0""",optical_format_conversion,C,good_estimate,yes,provisional,compiled_spec_value,Compiled device camera specification,,Use automatically as estimated geometry; retain provenance and estimated status.,source_url_missing,,primary,recent_android_candidate,Keep in active audit set; final installability should be checked against LIMNTPS minSdk/device catalog.,P2_source_strengthen,source_url_missing,,ship
motorola_motorola_edge_2025_rear_main,mobile_camera_module,Motorola,Motorola Edge (2025),,rear_main,,8.205,6.154,10.2564,"1/1.56""",optical_format_conversion,C,good_estimate,yes,probable,secondary_source_verified,PhoneArena,https://www.phonearena.com/phones/Motorola-Edge-2025_id12738,Good estimate; UI may mark sensor geometry as estimated.,,,primary,recent_android_candidate,Keep in active audit set; final installability should be checked against LIMNTPS minSdk/device catalog.,P3_verified_or_secondary,,,ship
motorola_motorola_edge_2025_rear_ultrawide,mobile_camera_module,Motorola,Motorola Edge (2025),,rear_ultrawide,,4.267,3.2,5.3336,"1/3.0""",optical_format_conversion,C,good_estimate,yes,provisional,compiled_spec_value,Compiled camera specification,,Use automatically as estimated geometry; retain provenance and estimated status.,source_url_missing,,primary,recent_android_candidate,Keep in active audit set; final installability should be checked against LIMNTPS minSdk/device catalog.,P2_source_strengthen,source_url_missing,,ship
nothing_phone_1_rear_main,mobile_camera_module,Nothing,Phone (1),,rear_main,,8.205,6.154,10.2564,"1/1.56""",optical_format_conversion,C,good_estimate,yes,provisional,compiled_spec_value,Compiled Nothing camera specification,,Use automatically as estimated geometry; retain provenance and estimated status.,source_url_missing,,primary,recent_android_candidate,Keep in active audit set; final installability should be checked against LIMNTPS minSdk/device catalog.,P2_source_strengthen,source_url_missing,,ship
nothing_phone_1_rear_ultrawide,mobile_camera_module,Nothing,Phone (1),,rear_ultrawide,,4.638,3.478,5.7972,"1/2.76""",optical_format_conversion,C,good_estimate,yes,provisional,compiled_spec_value,Compiled Nothing camera specification,,Use automatically as estimated geometry; retain provenance and estimated status.,source_url_missing,,primary,recent_android_candidate,Keep in active audit set; final installability should be checked against LIMNTPS minSdk/device catalog.,P2_source_strengthen,source_url_missing,,ship
nothing_phone_2_rear_main,mobile_camera_module,Nothing,Phone (2),,rear_main,,8.205,6.154,10.2564,"1/1.56""",optical_format_conversion,C,good_estimate,yes,provisional,compiled_spec_value,Compiled Nothing camera specification,,Use automatically as estimated geometry; retain provenance and estimated status.,source_url_missing,,primary,recent_android_candidate,Keep in active audit set; final installability should be checked against LIMNTPS minSdk/device catalog.,P2_source_strengthen,source_url_missing,,ship
nothing_phone_2_rear_ultrawide,mobile_camera_module,Nothing,Phone (2),,rear_ultrawide,,4.638,3.478,5.7972,"1/2.76""",optical_format_conversion,C,good_estimate,yes,provisional,compiled_spec_value,Compiled Nothing camera specification,,Use automatically as estimated geometry; retain provenance and estimated status.,source_url_missing,,primary,recent_android_candidate,Keep in active audit set; final installability should be checked against LIMNTPS minSdk/device catalog.,P2_source_strengthen,source_url_missing,,ship
nothing_phone_2a_rear_main,mobile_camera_module,Nothing,Phone (2a),,rear_main,,8.205,6.154,10.2564,"1/1.56""",optical_format_conversion,C,good_estimate,yes,provisional,compiled_spec_value,Compiled Nothing camera specification,,Use automatically as estimated geometry; retain provenance and estimated status.,source_url_missing,,primary,recent_android_candidate,Keep in active audit set; final installability should be checked against LIMNTPS minSdk/device catalog.,P2_source_strengthen,source_url_missing,,ship
nothing_phone_2a_rear_ultrawide,mobile_camera_module,Nothing,Phone (2a),,rear_ultrawide,,4.638,3.478,5.7972,"1/2.76""",optical_format_conversion,C,good_estimate,yes,provisional,compiled_spec_value,Compiled Nothing camera specification,,Use automatically as estimated geometry; retain provenance and estimated status.,source_url_missing,,primary,recent_android_candidate,Keep in active audit set; final installability should be checked against LIMNTPS minSdk/device catalog.,P2_source_strengthen,source_url_missing,,ship
nothing_phone_2a_plus_rear_main,mobile_camera_module,Nothing,Phone (2a) Plus,,rear_main,,8.205,6.154,10.2564,"1/1.56""",optical_format_conversion,C,good_estimate,yes,provisional,compiled_spec_value,Compiled Nothing camera specification,,Use automatically as estimated geometry; retain provenance and estimated status.,source_url_missing,,primary,recent_android_candidate,Keep in active audit set; final installability should be checked against LIMNTPS minSdk/device catalog.,P2_source_strengthen,source_url_missing,,ship
nothing_phone_2a_plus_rear_ultrawide,mobile_camera_module,Nothing,Phone (2a) Plus,,rear_ultrawide,,4.638,3.478,5.7972,"1/2.76""",optical_format_conversion,C,good_estimate,yes,provisional,compiled_spec_value,Compiled Nothing camera specification,,Use automatically as estimated geometry; retain provenance and estimated status.,source_url_missing,,primary,recent_android_candidate,Keep in active audit set; final installability should be checked against LIMNTPS minSdk/device catalog.,P2_source_strengthen,source_url_missing,,ship
nothing_phone_3a_rear_main,mobile_camera_module,Nothing,Phone (3a),,rear_main,,8.153,6.115,10.1914,"1/1.57""",optical_format_conversion,C,good_estimate,yes,provisional,compiled_spec_value,Compiled Nothing camera specification,,Use automatically as estimated geometry; retain provenance and estimated status.,source_url_missing,,primary,recent_android_candidate,Keep in active audit set; final installability should be checked against LIMNTPS minSdk/device catalog.,P2_source_strengthen,source_url_missing,,ship
nothing_phone_3a_rear_telephoto,mobile_camera_module,Nothing,Phone (3a),,rear_telephoto,,4.267,3.2,5.3336,"1/3.0""",optical_format_conversion,C,good_estimate,yes,provisional,compiled_spec_value,Compiled Nothing camera specification,,Use automatically as estimated geometry; retain provenance and estimated status.,source_url_missing,,primary,recent_android_candidate,Keep in active audit set; final installability should be checked against LIMNTPS minSdk/device catalog.,P2_source_strengthen,source_url_missing,,ship
nothing_phone_3a_rear_ultrawide,mobile_camera_module,Nothing,Phone (3a),,rear_ultrawide,,4.638,3.478,5.7972,"1/2.76""",optical_format_conversion,C,good_estimate,yes,provisional,compiled_spec_value,Compiled Nothing camera specification,,Use automatically as estimated geometry; retain provenance and estimated status.,source_url_missing,,primary,recent_android_candidate,Keep in active audit set; final installability should be checked against LIMNTPS minSdk/device catalog.,P2_source_strengthen,source_url_missing,,ship
nothing_phone_3a_pro_rear_main,mobile_camera_module,Nothing,Phone (3a) Pro,,rear_main,,8.153,6.115,10.1914,"1/1.57""",optical_format_conversion,C,good_estimate,yes,provisional,compiled_spec_value,Compiled Nothing camera specification,,Use automatically as estimated geometry; retain provenance and estimated status.,source_url_missing,,primary,recent_android_candidate,Keep in active audit set; final installability should be checked against LIMNTPS minSdk/device catalog.,P2_source_strengthen,source_url_missing,,ship
nothing_phone_3a_pro_rear_telephoto,mobile_camera_module,Nothing,Phone (3a) Pro,,rear_telephoto,,6.564,4.923,8.205,"1/1.95""",optical_format_conversion,C,good_estimate,yes,provisional,compiled_spec_value,Compiled Nothing camera specification,,Use automatically as estimated geometry; retain provenance and estimated status.,source_url_missing,,primary,recent_android_candidate,Keep in active audit set; final installability should be checked against LIMNTPS minSdk/device catalog.,P2_source_strengthen,source_url_missing,,ship
nothing_phone_3a_pro_rear_ultrawide,mobile_camera_module,Nothing,Phone (3a) Pro,,rear_ultrawide,,4.638,3.478,5.7972,"1/2.76""",optical_format_conversion,C,good_estimate,yes,provisional,compiled_spec_value,Compiled Nothing camera specification,,Use automatically as estimated geometry; retain provenance and estimated status.,source_url_missing,,primary,recent_android_candidate,Keep in active audit set; final installability should be checked against LIMNTPS minSdk/device catalog.,P2_source_strengthen,source_url_missing,,ship
oneplus_oneplus_10_pro_rear_main,mobile_camera_module,OnePlus,OnePlus 10 Pro,,rear_main,,8.951,6.713,11.1886,"1/1.43""",optical_format_conversion,C,good_estimate,yes,provisional,compiled_spec_value,Compiled device camera specification,,Use automatically as estimated geometry; retain provenance and estimated status.,source_url_missing,,primary,recent_android_candidate,Keep in active audit set; final installability should be checked against LIMNTPS minSdk/device catalog.,P2_source_strengthen,source_url_missing,,ship
oneplus_oneplus_10_pro_rear_telephoto,mobile_camera_module,OnePlus,OnePlus 10 Pro,,rear_telephoto,,3.765,2.824,4.7064,"1/3.4""",optical_format_conversion,C,good_estimate,yes,provisional,compiled_spec_value,Compiled device camera specification,,Use automatically as estimated geometry; retain provenance and estimated status.,source_url_missing,,primary,recent_android_candidate,Keep in active audit set; final installability should be checked against LIMNTPS minSdk/device catalog.,P2_source_strengthen,source_url_missing,,ship
oneplus_oneplus_10_pro_rear_ultrawide,mobile_camera_module,OnePlus,OnePlus 10 Pro,,rear_ultrawide,,8.205,6.154,10.2564,"1/1.56""",optical_format_conversion,C,good_estimate,yes,provisional,compiled_spec_value,Compiled device camera specification,,Use automatically as estimated geometry; retain provenance and estimated status.,source_url_missing,,primary,recent_android_candidate,Keep in active audit set; final installability should be checked against LIMNTPS minSdk/device catalog.,P2_source_strengthen,source_url_missing,,ship
oneplus_oneplus_10t_rear_main,mobile_camera_module,OnePlus,OnePlus 10T,,rear_main,,8.205,6.154,10.2564,"1/1.56""",optical_format_conversion,C,good_estimate,yes,provisional,compiled_spec_value,Compiled device camera specification,,Use automatically as estimated geometry; retain provenance and estimated status.,source_url_missing,,primary,recent_android_candidate,Keep in active audit set; final installability should be checked against LIMNTPS minSdk/device catalog.,P2_source_strengthen,source_url_missing,,ship
oneplus_oneplus_10t_rear_ultrawide,mobile_camera_module,OnePlus,OnePlus 10T,,rear_ultrawide,,4.638,3.478,5.7972,"1/2.76""",optical_format_conversion,C,good_estimate,yes,provisional,compiled_spec_value,Compiled device camera specification,,Use automatically as estimated geometry; retain provenance and estimated status.,source_url_missing,,primary,recent_android_candidate,Keep in active audit set; final installability should be checked against LIMNTPS minSdk/device catalog.,P2_source_strengthen,source_url_missing,,ship
oneplus_oneplus_11_rear_main,mobile_camera_module,OnePlus,OnePlus 11,,rear_main,,8.205,6.154,10.2564,"1/1.56""",optical_format_conversion,C,good_estimate,yes,provisional,compiled_spec_value,Compiled device camera specification,,Use automatically as estimated geometry; retain provenance and estimated status.,source_url_missing,,primary,recent_android_candidate,Keep in active audit set; final installability should be checked against LIMNTPS minSdk/device catalog.,P2_source_strengthen,source_url_missing,,ship
oneplus_oneplus_11_rear_telephoto,mobile_camera_module,OnePlus,OnePlus 11,,rear_telephoto,,4.672,3.504,5.84,"1/2.74""",optical_format_conversion,C,good_estimate,yes,provisional,compiled_spec_value,Compiled device camera specification,,Use automatically as estimated geometry; retain provenance and estimated status.,source_url_missing,,primary,recent_android_candidate,Keep in active audit set; final installability should be checked against LIMNTPS minSdk/device catalog.,P2_source_strengthen,source_url_missing,,ship
oneplus_oneplus_11_rear_ultrawide,mobile_camera_module,OnePlus,OnePlus 11,,rear_ultrawide,,6.4,4.8,8.0,"1/2.0""",optical_format_conversion,C,good_estimate,yes,provisional,compiled_spec_value,Compiled device camera specification,,Use automatically as estimated geometry; retain provenance and estimated status.,source_url_missing,,primary,recent_android_candidate,Keep in active audit set; final installability should be checked against LIMNTPS minSdk/device catalog.,P2_source_strengthen,source_url_missing,,ship
oneplus_oneplus_12_rear_main,mobile_camera_module,OnePlus,OnePlus 12,,rear_main,,8.951,6.713,11.1886,"1/1.43""",optical_format_conversion,C,good_estimate,yes,provisional,compiled_spec_value,Compiled device camera specification,,Use automatically as estimated geometry; retain provenance and estimated status.,source_url_missing,,primary,recent_android_candidate,Keep in active audit set; final installability should be checked against LIMNTPS minSdk/device catalog.,P2_source_strengthen,source_url_missing,,ship
oneplus_oneplus_12_rear_telephoto,mobile_camera_module,OnePlus,OnePlus 12,,rear_telephoto,,6.4,4.8,8.0,"1/2.0""",optical_format_conversion,C,good_estimate,yes,provisional,compiled_spec_value,Compiled device camera specification,,Use automatically as estimated geometry; retain provenance and estimated status.,source_url_missing,,primary,recent_android_candidate,Keep in active audit set; final installability should be checked against LIMNTPS minSdk/device catalog.,P2_source_strengthen,source_url_missing,,ship
oneplus_oneplus_12_rear_ultrawide,mobile_camera_module,OnePlus,OnePlus 12,,rear_ultrawide,,6.4,4.8,8.0,"1/2.0""",optical_format_conversion,C,good_estimate,yes,provisional,compiled_spec_value,Compiled device camera specification,,Use automatically as estimated geometry; retain provenance and estimated status.,source_url_missing,,primary,recent_android_candidate,Keep in active audit set; final installability should be checked against LIMNTPS minSdk/device catalog.,P2_source_strengthen,source_url_missing,,ship
oneplus_oneplus_13_rear_main,mobile_camera_module,OnePlus,OnePlus 13,,rear_main,,8.951,6.713,11.1886,"1/1.43""",optical_format_conversion,C,good_estimate,yes,provisional,compiled_spec_value,Compiled device camera specification,,Use automatically as estimated geometry; retain provenance and estimated status.,source_url_missing,,primary,recent_android_candidate,Keep in active audit set; final installability should be checked against LIMNTPS minSdk/device catalog.,P2_source_strengthen,source_url_missing,,ship
oneplus_oneplus_13_rear_telephoto,mobile_camera_module,OnePlus,OnePlus 13,,rear_telephoto,,6.564,4.923,8.205,"1/1.95""",optical_format_conversion,C,good_estimate,yes,provisional,compiled_spec_value,Compiled device camera specification,,Use automatically as estimated geometry; retain provenance and estimated status.,source_url_missing,,primary,recent_android_candidate,Keep in active audit set; final installability should be checked against LIMNTPS minSdk/device catalog.,P2_source_strengthen,source_url_missing,,ship
oneplus_oneplus_13_rear_ultrawide,mobile_camera_module,OnePlus,OnePlus 13,,rear_ultrawide,,4.655,3.491,5.8186,"1/2.75""",optical_format_conversion,C,good_estimate,yes,provisional,compiled_spec_value,Compiled device camera specification,,Use automatically as estimated geometry; retain provenance and estimated status.,source_url_missing,,primary,recent_android_candidate,Keep in active audit set; final installability should be checked against LIMNTPS minSdk/device catalog.,P2_source_strengthen,source_url_missing,,ship
oneplus_oneplus_13r_rear_main,mobile_camera_module,OnePlus,OnePlus 13R,,rear_main,,8.205,6.154,10.2564,"1/1.56""",optical_format_conversion,C,good_estimate,yes,provisional,compiled_spec_value,Compiled device camera specification,,Use automatically as estimated geometry; retain provenance and estimated status.,source_url_missing,,primary,recent_android_candidate,Keep in active audit set; final installability should be checked against LIMNTPS minSdk/device catalog.,P2_source_strengthen,source_url_missing,,ship
oneplus_oneplus_13r_rear_telephoto,mobile_camera_module,OnePlus,OnePlus 13R,,rear_telephoto,,3.249,2.437,4.0614,"1/3.94""",optical_format_conversion,C,good_estimate,yes,provisional,compiled_spec_value,Compiled device camera specification,,Use automatically as estimated geometry; retain provenance and estimated status.,source_url_missing,,primary,recent_android_candidate,Keep in active audit set; final installability should be checked against LIMNTPS minSdk/device catalog.,P2_source_strengthen,source_url_missing,,ship
oneplus_oneplus_13r_rear_ultrawide,mobile_camera_module,OnePlus,OnePlus 13R,,rear_ultrawide,,4.183,3.137,5.2286,"1/3.06""",optical_format_conversion,C,good_estimate,yes,provisional,compiled_spec_value,Compiled device camera specification,,Use automatically as estimated geometry; retain provenance and estimated status.,source_url_missing,,primary,recent_android_candidate,Keep in active audit set; final installability should be checked against LIMNTPS minSdk/device catalog.,P2_source_strengthen,source_url_missing,,ship
oneplus_oneplus_9_rear_main,mobile_camera_module,OnePlus,OnePlus 9,,rear_main,,8.951,6.713,11.1886,"1/1.43""",optical_format_conversion,C,good_estimate,yes,provisional,compiled_spec_value,Compiled device camera specification,,Use automatically as estimated geometry; retain provenance and estimated status.,source_url_missing,,primary,recent_android_candidate,Keep in active audit set; final installability should be checked against LIMNTPS minSdk/device catalog.,P2_source_strengthen,source_url_missing,,ship
oneplus_oneplus_9_rear_ultrawide,mobile_camera_module,OnePlus,OnePlus 9,,rear_ultrawide,,8.205,6.154,10.2564,"1/1.56""",optical_format_conversion,C,good_estimate,yes,provisional,compiled_spec_value,Compiled device camera specification,,Use automatically as estimated geometry; retain provenance and estimated status.,source_url_missing,,primary,recent_android_candidate,Keep in active audit set; final installability should be checked against LIMNTPS minSdk/device catalog.,P2_source_strengthen,source_url_missing,,ship
oneplus_oneplus_9_pro_rear_main,mobile_camera_module,OnePlus,OnePlus 9 Pro,,rear_main,,8.951,6.713,11.1886,"1/1.43""",optical_format_conversion,C,good_estimate,yes,provisional,compiled_spec_value,Compiled device camera specification,,Use automatically as estimated geometry; retain provenance and estimated status.,source_url_missing,,primary,recent_android_candidate,Keep in active audit set; final installability should be checked against LIMNTPS minSdk/device catalog.,P2_source_strengthen,source_url_missing,,ship
oneplus_oneplus_9_pro_rear_telephoto,mobile_camera_module,OnePlus,OnePlus 9 Pro,,rear_telephoto,,3.765,2.824,4.7064,"1/3.4""",optical_format_conversion,C,good_estimate,yes,provisional,compiled_spec_value,Compiled device camera specification,,Use automatically as estimated geometry; retain provenance and estimated status.,source_url_missing,,primary,recent_android_candidate,Keep in active audit set; final installability should be checked against LIMNTPS minSdk/device catalog.,P2_source_strengthen,source_url_missing,,ship
oneplus_oneplus_9_pro_rear_ultrawide,mobile_camera_module,OnePlus,OnePlus 9 Pro,,rear_ultrawide,,8.205,6.154,10.2564,"1/1.56""",optical_format_conversion,C,good_estimate,yes,provisional,compiled_spec_value,Compiled device camera specification,,Use automatically as estimated geometry; retain provenance and estimated status.,source_url_missing,,primary,recent_android_candidate,Keep in active audit set; final installability should be checked against LIMNTPS minSdk/device catalog.,P2_source_strengthen,source_url_missing,,ship
oneplus_oneplus_nord_n20_5g_rear_main,mobile_camera_module,OnePlus,OnePlus Nord N20 5G,,rear_main,,7.442,5.581,9.3022,"1/1.72""",optical_format_conversion,C,good_estimate,yes,provisional,compiled_spec_value,Compiled device camera specification,,Use automatically as estimated geometry; retain provenance and estimated status.,source_url_missing,,primary,recent_android_candidate,Keep in active audit set; final installability should be checked against LIMNTPS minSdk/device catalog.,P2_source_strengthen,source_url_missing,,ship
oneplus_oneplus_nord_n200_5g_rear_main,mobile_camera_module,OnePlus,OnePlus Nord N200 5G,,rear_main,,4.638,3.478,5.7972,"1/2.76""",optical_format_conversion,C,good_estimate,yes,provisional,compiled_spec_value,Compiled device camera specification,,Use automatically as estimated geometry; retain provenance and estimated status.,source_url_missing,,primary,recent_android_candidate,Keep in active audit set; final installability should be checked against LIMNTPS minSdk/device catalog.,P2_source_strengthen,source_url_missing,,ship
oneplus_oneplus_nord_n30_5g_rear_main,mobile_camera_module,OnePlus,OnePlus Nord N30 5G,,rear_main,,7.665,5.749,9.5814,"1/1.67""",optical_format_conversion,C,good_estimate,yes,provisional,compiled_spec_value,Compiled device camera specification,,Use automatically as estimated geometry; retain provenance and estimated status.,source_url_missing,,primary,recent_android_candidate,Keep in active audit set; final installability should be checked against LIMNTPS minSdk/device catalog.,P2_source_strengthen,source_url_missing,,ship
samsung_galaxy_a12_rear_depth,mobile_camera_module,Samsung,Galaxy A12,,rear_depth,,2.56,1.92,3.2,"1/5.0""",optical_format_conversion,C,good_estimate,yes,provisional,compiled_spec_value,Compiled device camera specification,,Use automatically as estimated geometry; retain provenance and estimated status.,source_url_missing,,primary,recent_android_candidate,Keep in active audit set; final installability should be checked against LIMNTPS minSdk/device catalog.,P2_source_strengthen,source_url_missing,,ship
samsung_galaxy_a12_rear_macro,mobile_camera_module,Samsung,Galaxy A12,,rear_macro,,2.56,1.92,3.2,"1/5.0""",optical_format_conversion,C,good_estimate,yes,provisional,compiled_spec_value,Compiled device camera specification,,Use automatically as estimated geometry; retain provenance and estimated status.,source_url_missing,,primary,recent_android_candidate,Keep in active audit set; final installability should be checked against LIMNTPS minSdk/device catalog.,P2_source_strengthen,source_url_missing,,ship
samsung_galaxy_a12_rear_main,mobile_camera_module,Samsung,Galaxy A12,,rear_main,,6.4,4.8,8.0,"1/2.0""",optical_format_conversion,C,good_estimate,yes,provisional,compiled_spec_value,Compiled device camera specification,,Use automatically as estimated geometry; retain provenance and estimated status.,source_url_missing,,primary,recent_android_candidate,Keep in active audit set; final installability should be checked against LIMNTPS minSdk/device catalog.,P2_source_strengthen,source_url_missing,,ship
samsung_galaxy_a12_rear_ultrawide,mobile_camera_module,Samsung,Galaxy A12,,rear_ultrawide,,3.2,2.4,4.0,"1/4.0""",optical_format_conversion,C,good_estimate,yes,provisional,compiled_spec_value,Compiled device camera specification,,Use automatically as estimated geometry; retain provenance and estimated status.,source_url_missing,,primary,recent_android_candidate,Keep in active audit set; final installability should be checked against LIMNTPS minSdk/device catalog.,P2_source_strengthen,source_url_missing,,ship
samsung_galaxy_a13_rear_depth,mobile_camera_module,Samsung,Galaxy A13,,rear_depth,,2.56,1.92,3.2,"1/5.0""",optical_format_conversion,C,good_estimate,yes,provisional,compiled_spec_value,Compiled device camera specification,,Use automatically as estimated geometry; retain provenance and estimated status.,source_url_missing,,primary,recent_android_candidate,Keep in active audit set; final installability should be checked against LIMNTPS minSdk/device catalog.,P2_source_strengthen,source_url_missing,,ship
samsung_galaxy_a13_rear_macro,mobile_camera_module,Samsung,Galaxy A13,,rear_macro,,2.56,1.92,3.2,"1/5.0""",optical_format_conversion,C,good_estimate,yes,provisional,compiled_spec_value,Compiled device camera specification,,Use automatically as estimated geometry; retain provenance and estimated status.,source_url_missing,,primary,recent_android_candidate,Keep in active audit set; final installability should be checked against LIMNTPS minSdk/device catalog.,P2_source_strengthen,source_url_missing,,ship
samsung_galaxy_a13_rear_main,mobile_camera_module,Samsung,Galaxy A13,,rear_main,,6.4,4.8,8.0,"1/2.0""",optical_format_conversion,C,good_estimate,yes,provisional,compiled_spec_value,Compiled device camera specification,,Use automatically as estimated geometry; retain provenance and estimated status.,source_url_missing,,primary,recent_android_candidate,Keep in active audit set; final installability should be checked against LIMNTPS minSdk/device catalog.,P2_source_strengthen,source_url_missing,,ship
samsung_galaxy_a13_rear_ultrawide,mobile_camera_module,Samsung,Galaxy A13,,rear_ultrawide,,3.2,2.4,4.0,"1/4.0""",optical_format_conversion,C,good_estimate,yes,provisional,compiled_spec_value,Compiled device camera specification,,Use automatically as estimated geometry; retain provenance and estimated status.,source_url_missing,,primary,recent_android_candidate,Keep in active audit set; final installability should be checked against LIMNTPS minSdk/device catalog.,P2_source_strengthen,source_url_missing,,ship
samsung_galaxy_a14_5g_rear_depth,mobile_camera_module,Samsung,Galaxy A14 5G,,rear_depth,,2.56,1.92,3.2,"1/5.0""",optical_format_conversion,C,good_estimate,yes,provisional,compiled_spec_value,Compiled device camera specification,,Use automatically as estimated geometry; retain provenance and estimated status.,source_url_missing,,primary,recent_android_candidate,Keep in active audit set; final installability should be checked against LIMNTPS minSdk/device catalog.,P2_source_strengthen,source_url_missing,,ship
samsung_galaxy_a14_5g_rear_macro,mobile_camera_module,Samsung,Galaxy A14 5G,,rear_macro,,2.56,1.92,3.2,"1/5.0""",optical_format_conversion,C,good_estimate,yes,provisional,compiled_spec_value,Compiled device camera specification,,Use automatically as estimated geometry; retain provenance and estimated status.,source_url_missing,,primary,recent_android_candidate,Keep in active audit set; final installability should be checked against LIMNTPS minSdk/device catalog.,P2_source_strengthen,source_url_missing,,ship
samsung_galaxy_a14_5g_rear_main,mobile_camera_module,Samsung,Galaxy A14 5G,,rear_main,,6.531,4.898,8.1636,"1/1.96""",optical_format_conversion,C,good_estimate,yes,provisional,compiled_spec_value,Compiled device camera specification,,Use automatically as estimated geometry; retain provenance and estimated status.,source_url_missing,,primary,recent_android_candidate,Keep in active audit set; final installability should be checked against LIMNTPS minSdk/device catalog.,P2_source_strengthen,source_url_missing,,ship
samsung_galaxy_a15_5g_rear_macro,mobile_camera_module,Samsung,Galaxy A15 5G,,rear_macro,,2.56,1.92,3.2,"1/5.0""",optical_format_conversion,C,good_estimate,yes,provisional,compiled_spec_value,Compiled device camera specification,,Use automatically as estimated geometry; retain provenance and estimated status.,source_url_missing,,primary,recent_android_candidate,Keep in active audit set; final installability should be checked against LIMNTPS minSdk/device catalog.,P2_source_strengthen,source_url_missing,,ship
samsung_galaxy_a15_5g_rear_main,mobile_camera_module,Samsung,Galaxy A15 5G,,rear_main,,4.638,3.478,5.7972,"1/2.76""",optical_format_conversion,C,good_estimate,yes,provisional,compiled_spec_value,Compiled device camera specification,,Use automatically as estimated geometry; retain provenance and estimated status.,source_url_missing,,primary,recent_android_candidate,Keep in active audit set; final installability should be checked against LIMNTPS minSdk/device catalog.,P2_source_strengthen,source_url_missing,,ship
samsung_galaxy_a15_5g_rear_ultrawide,mobile_camera_module,Samsung,Galaxy A15 5G,,rear_ultrawide,,2.56,1.92,3.2,"1/5.0""",optical_format_conversion,C,good_estimate,yes,provisional,compiled_spec_value,Compiled device camera specification,,Use automatically as estimated geometry; retain provenance and estimated status.,source_url_missing,,primary,recent_android_candidate,Keep in active audit set; final installability should be checked against LIMNTPS minSdk/device catalog.,P2_source_strengthen,source_url_missing,,ship
samsung_galaxy_a16_5g_rear_main,mobile_camera_module,Samsung,Galaxy A16 5G,,rear_main,,4.638,3.478,5.7972,"1/2.76""",optical_format_conversion,C,good_estimate,yes,probable,secondary_source_verified,PhoneArena,https://www.phonearena.com/phones/Samsung-Galaxy-A16-5G_id12426,Good estimate; UI may mark sensor geometry as estimated.,,,primary,recent_android_candidate,Keep in active audit set; final installability should be checked against LIMNTPS minSdk/device catalog.,P3_verified_or_secondary,,,ship
samsung_galaxy_a16_5g_rear_ultrawide,mobile_camera_module,Samsung,Galaxy A16 5G,,rear_ultrawide,,2.56,1.92,3.2,"1/5.0""",optical_format_conversion,C,good_estimate,yes,probable,secondary_source_verified,PhoneArena,https://www.phonearena.com/phones/Samsung-Galaxy-A16-5G_id12426,Good estimate; UI may mark sensor geometry as estimated.,,,primary,recent_android_candidate,Keep in active audit set; final installability should be checked against LIMNTPS minSdk/device catalog.,P3_verified_or_secondary,,,ship
samsung_galaxy_a23_5g_rear_depth,mobile_camera_module,Samsung,Galaxy A23 5G,,rear_depth,,2.56,1.92,3.2,"1/5.0""",optical_format_conversion,C,good_estimate,yes,provisional,compiled_spec_value,Compiled device camera specification,,Use automatically as estimated geometry; retain provenance and estimated status.,source_url_missing,,primary,recent_android_candidate,Keep in active audit set; final installability should be checked against LIMNTPS minSdk/device catalog.,P2_source_strengthen,source_url_missing,,ship
samsung_galaxy_a23_5g_rear_macro,mobile_camera_module,Samsung,Galaxy A23 5G,,rear_macro,,2.56,1.92,3.2,"1/5.0""",optical_format_conversion,C,good_estimate,yes,provisional,compiled_spec_value,Compiled device camera specification,,Use automatically as estimated geometry; retain provenance and estimated status.,source_url_missing,,primary,recent_android_candidate,Keep in active audit set; final installability should be checked against LIMNTPS minSdk/device catalog.,P2_source_strengthen,source_url_missing,,ship
samsung_galaxy_a23_5g_rear_main,mobile_camera_module,Samsung,Galaxy A23 5G,,rear_main,,4.638,3.478,5.7972,"1/2.76""",optical_format_conversion,C,good_estimate,yes,provisional,compiled_spec_value,Compiled device camera specification,,Use automatically as estimated geometry; retain provenance and estimated status.,source_url_missing,,primary,recent_android_candidate,Keep in active audit set; final installability should be checked against LIMNTPS minSdk/device catalog.,P2_source_strengthen,source_url_missing,,ship
samsung_galaxy_a23_5g_rear_ultrawide,mobile_camera_module,Samsung,Galaxy A23 5G,,rear_ultrawide,,3.2,2.4,4.0,"1/4.0""",optical_format_conversion,C,good_estimate,yes,provisional,compiled_spec_value,Compiled device camera specification,,Use automatically as estimated geometry; retain provenance and estimated status.,source_url_missing,,primary,recent_android_candidate,Keep in active audit set; final installability should be checked against LIMNTPS minSdk/device catalog.,P2_source_strengthen,source_url_missing,,ship
samsung_galaxy_a24_rear_macro,mobile_camera_module,Samsung,Galaxy A24,,rear_macro,,2.56,1.92,3.2,"1/5.0""",optical_format_conversion,C,good_estimate,yes,provisional,compiled_spec_value,Compiled device camera specification,,Use automatically as estimated geometry; retain provenance and estimated status.,source_url_missing,,primary,recent_android_candidate,Keep in active audit set; final installability should be checked against LIMNTPS minSdk/device catalog.,P2_source_strengthen,source_url_missing,,ship
samsung_galaxy_a24_rear_main,mobile_camera_module,Samsung,Galaxy A24,,rear_main,,4.638,3.478,5.7972,"1/2.76""",optical_format_conversion,C,good_estimate,yes,provisional,compiled_spec_value,Compiled device camera specification,,Use automatically as estimated geometry; retain provenance and estimated status.,source_url_missing,,primary,recent_android_candidate,Keep in active audit set; final installability should be checked against LIMNTPS minSdk/device catalog.,P2_source_strengthen,source_url_missing,,ship
samsung_galaxy_a24_rear_ultrawide,mobile_camera_module,Samsung,Galaxy A24,,rear_ultrawide,,3.2,2.4,4.0,"1/4.0""",optical_format_conversion,C,good_estimate,yes,provisional,compiled_spec_value,Compiled device camera specification,,Use automatically as estimated geometry; retain provenance and estimated status.,source_url_missing,,primary,recent_android_candidate,Keep in active audit set; final installability should be checked against LIMNTPS minSdk/device catalog.,P2_source_strengthen,source_url_missing,,ship
samsung_galaxy_a25_5g_rear_macro,mobile_camera_module,Samsung,Galaxy A25 5G,,rear_macro,,2.56,1.92,3.2,"1/5.0""",optical_format_conversion,C,good_estimate,yes,provisional,compiled_spec_value,Compiled device camera specification,,Use automatically as estimated geometry; retain provenance and estimated status.,source_url_missing,,primary,recent_android_candidate,Keep in active audit set; final installability should be checked against LIMNTPS minSdk/device catalog.,P2_source_strengthen,source_url_missing,,ship
samsung_galaxy_a25_5g_rear_main,mobile_camera_module,Samsung,Galaxy A25 5G,,rear_main,,4.638,3.478,5.7972,"1/2.76""",optical_format_conversion,C,good_estimate,yes,probable,secondary_source_verified,PhoneArena,https://www.phonearena.com/phones/Samsung-Galaxy-A25-5G_id12266,Good estimate; UI may mark sensor geometry as estimated.,,,primary,recent_android_candidate,Keep in active audit set; final installability should be checked against LIMNTPS minSdk/device catalog.,P3_verified_or_secondary,,,ship
samsung_galaxy_a25_5g_rear_ultrawide,mobile_camera_module,Samsung,Galaxy A25 5G,,rear_ultrawide,,3.2,2.4,4.0,"1/4.0""",optical_format_conversion,C,good_estimate,yes,probable,secondary_source_verified,PhoneArena,https://www.phonearena.com/phones/Samsung-Galaxy-A25-5G_id12266,Good estimate; UI may mark sensor geometry as estimated.,,,primary,recent_android_candidate,Keep in active audit set; final installability should be checked against LIMNTPS minSdk/device catalog.,P3_verified_or_secondary,,,ship
samsung_galaxy_a26_5g_rear_macro,mobile_camera_module,Samsung,Galaxy A26 5G,,rear_macro,,2.56,1.92,3.2,"1/5.0""",optical_format_conversion,C,good_estimate,yes,provisional,compiled_spec_value,Compiled device camera specification,,Use automatically as estimated geometry; retain provenance and estimated status.,source_url_missing,,primary,recent_android_candidate,Keep in active audit set; final installability should be checked against LIMNTPS minSdk/device catalog.,P2_source_strengthen,source_url_missing,,ship
samsung_galaxy_a26_5g_rear_main,mobile_camera_module,Samsung,Galaxy A26 5G,,rear_main,,6.531,4.898,8.1636,"1/1.96""",optical_format_conversion,C,good_estimate,yes,provisional,compiled_spec_value,Compiled device camera specification,,Use automatically as estimated geometry; retain provenance and estimated status.,source_url_missing,,primary,recent_android_candidate,Keep in active audit set; final installability should be checked against LIMNTPS minSdk/device catalog.,P2_source_strengthen,source_url_missing,,ship
samsung_galaxy_a26_5g_rear_ultrawide,mobile_camera_module,Samsung,Galaxy A26 5G,,rear_ultrawide,,3.2,2.4,4.0,"1/4.0""",optical_format_conversion,C,good_estimate,yes,provisional,compiled_spec_value,Compiled device camera specification,,Use automatically as estimated geometry; retain provenance and estimated status.,source_url_missing,,primary,recent_android_candidate,Keep in active audit set; final installability should be checked against LIMNTPS minSdk/device catalog.,P2_source_strengthen,source_url_missing,,ship
samsung_galaxy_a32_5g_rear_depth,mobile_camera_module,Samsung,Galaxy A32 5G,,rear_depth,,2.56,1.92,3.2,"1/5.0""",optical_format_conversion,C,good_estimate,yes,provisional,compiled_spec_value,Compiled device camera specification,,Use automatically as estimated geometry; retain provenance and estimated status.,source_url_missing,,primary,recent_android_candidate,Keep in active audit set; final installability should be checked against LIMNTPS minSdk/device catalog.,P2_source_strengthen,source_url_missing,,ship
samsung_galaxy_a32_5g_rear_macro,mobile_camera_module,Samsung,Galaxy A32 5G,,rear_macro,,2.56,1.92,3.2,"1/5.0""",optical_format_conversion,C,good_estimate,yes,provisional,compiled_spec_value,Compiled device camera specification,,Use automatically as estimated geometry; retain provenance and estimated status.,source_url_missing,,primary,recent_android_candidate,Keep in active audit set; final installability should be checked against LIMNTPS minSdk/device catalog.,P2_source_strengthen,source_url_missing,,ship
samsung_galaxy_a32_5g_rear_main,mobile_camera_module,Samsung,Galaxy A32 5G,,rear_main,,6.4,4.8,8.0,"1/2.0""",optical_format_conversion,C,good_estimate,yes,provisional,compiled_spec_value,Compiled device camera specification,,Use automatically as estimated geometry; retain provenance and estimated status.,source_url_missing,,primary,recent_android_candidate,Keep in active audit set; final installability should be checked against LIMNTPS minSdk/device catalog.,P2_source_strengthen,source_url_missing,,ship
samsung_galaxy_a32_5g_rear_ultrawide,mobile_camera_module,Samsung,Galaxy A32 5G,,rear_ultrawide,,3.2,2.4,4.0,"1/4.0""",optical_format_conversion,C,good_estimate,yes,provisional,compiled_spec_value,Compiled device camera specification,,Use automatically as estimated geometry; retain provenance and estimated status.,source_url_missing,,primary,recent_android_candidate,Keep in active audit set; final installability should be checked against LIMNTPS minSdk/device catalog.,P2_source_strengthen,source_url_missing,,ship
samsung_galaxy_a33_5g_rear_depth,mobile_camera_module,Samsung,Galaxy A33 5G,,rear_depth,,2.56,1.92,3.2,"1/5.0""",optical_format_conversion,C,good_estimate,yes,provisional,compiled_spec_value,Compiled device camera specification,,Use automatically as estimated geometry; retain provenance and estimated status.,source_url_missing,,primary,recent_android_candidate,Keep in active audit set; final installability should be checked against LIMNTPS minSdk/device catalog.,P2_source_strengthen,source_url_missing,,ship
samsung_galaxy_a33_5g_rear_macro,mobile_camera_module,Samsung,Galaxy A33 5G,,rear_macro,,2.56,1.92,3.2,"1/5.0""",optical_format_conversion,C,good_estimate,yes,provisional,compiled_spec_value,Compiled device camera specification,,Use automatically as estimated geometry; retain provenance and estimated status.,source_url_missing,,primary,recent_android_candidate,Keep in active audit set; final installability should be checked against LIMNTPS minSdk/device catalog.,P2_source_strengthen,source_url_missing,,ship
samsung_galaxy_a33_5g_rear_main,mobile_camera_module,Samsung,Galaxy A33 5G,,rear_main,,6.4,4.8,8.0,"1/2.0""",optical_format_conversion,C,good_estimate,yes,provisional,compiled_spec_value,Compiled device camera specification,,Use automatically as estimated geometry; retain provenance and estimated status.,source_url_missing,,primary,recent_android_candidate,Keep in active audit set; final installability should be checked against LIMNTPS minSdk/device catalog.,P2_source_strengthen,source_url_missing,,ship
samsung_galaxy_a33_5g_rear_ultrawide,mobile_camera_module,Samsung,Galaxy A33 5G,,rear_ultrawide,,3.2,2.4,4.0,"1/4.0""",optical_format_conversion,C,good_estimate,yes,provisional,compiled_spec_value,Compiled device camera specification,,Use automatically as estimated geometry; retain provenance and estimated status.,source_url_missing,,primary,recent_android_candidate,Keep in active audit set; final installability should be checked against LIMNTPS minSdk/device catalog.,P2_source_strengthen,source_url_missing,,ship
samsung_galaxy_a34_5g_rear_macro,mobile_camera_module,Samsung,Galaxy A34 5G,,rear_macro,,2.56,1.92,3.2,"1/5.0""",optical_format_conversion,C,good_estimate,yes,provisional,compiled_spec_value,Compiled device camera specification,,Use automatically as estimated geometry; retain provenance and estimated status.,source_url_missing,,primary,recent_android_candidate,Keep in active audit set; final installability should be checked against LIMNTPS minSdk/device catalog.,P2_source_strengthen,source_url_missing,,ship
samsung_galaxy_a34_5g_rear_main,mobile_camera_module,Samsung,Galaxy A34 5G,,rear_main,,6.4,4.8,8.0,"1/2.0""",optical_format_conversion,C,good_estimate,yes,provisional,compiled_spec_value,Compiled device camera specification,,Use automatically as estimated geometry; retain provenance and estimated status.,source_url_missing,,primary,recent_android_candidate,Keep in active audit set; final installability should be checked against LIMNTPS minSdk/device catalog.,P2_source_strengthen,source_url_missing,,ship
samsung_galaxy_a34_5g_rear_ultrawide,mobile_camera_module,Samsung,Galaxy A34 5G,,rear_ultrawide,,3.2,2.4,4.0,"1/4.0""",optical_format_conversion,C,good_estimate,yes,provisional,compiled_spec_value,Compiled device camera specification,,Use automatically as estimated geometry; retain provenance and estimated status.,source_url_missing,,primary,recent_android_candidate,Keep in active audit set; final installability should be checked against LIMNTPS minSdk/device catalog.,P2_source_strengthen,source_url_missing,,ship
samsung_galaxy_a35_5g_rear_macro,mobile_camera_module,Samsung,Galaxy A35 5G,,rear_macro,,2.56,1.92,3.2,"1/5.0""",optical_format_conversion,C,good_estimate,yes,provisional,compiled_spec_value,Compiled device camera specification,,Use automatically as estimated geometry; retain provenance and estimated status.,source_url_missing,,primary,recent_android_candidate,Keep in active audit set; final installability should be checked against LIMNTPS minSdk/device catalog.,P2_source_strengthen,source_url_missing,,ship
samsung_galaxy_a35_5g_rear_main,mobile_camera_module,Samsung,Galaxy A35 5G,,rear_main,,6.531,4.898,8.1636,"1/1.96""",optical_format_conversion,C,good_estimate,yes,provisional,compiled_spec_value,Compiled device camera specification,,Use automatically as estimated geometry; retain provenance and estimated status.,source_url_missing,,primary,recent_android_candidate,Keep in active audit set; final installability should be checked against LIMNTPS minSdk/device catalog.,P2_source_strengthen,source_url_missing,,ship
samsung_galaxy_a35_5g_rear_ultrawide,mobile_camera_module,Samsung,Galaxy A35 5G,,rear_ultrawide,,3.2,2.4,4.0,"1/4.0""",optical_format_conversion,C,good_estimate,yes,provisional,compiled_spec_value,Compiled device camera specification,,Use automatically as estimated geometry; retain provenance and estimated status.,source_url_missing,,primary,recent_android_candidate,Keep in active audit set; final installability should be checked against LIMNTPS minSdk/device catalog.,P2_source_strengthen,source_url_missing,,ship
samsung_galaxy_a36_5g_rear_macro,mobile_camera_module,Samsung,Galaxy A36 5G,,rear_macro,,2.56,1.92,3.2,"1/5.0""",optical_format_conversion,C,good_estimate,yes,provisional,compiled_spec_value,Compiled device camera specification,,Use automatically as estimated geometry; retain provenance and estimated status.,source_url_missing,,primary,recent_android_candidate,Keep in active audit set; final installability should be checked against LIMNTPS minSdk/device catalog.,P2_source_strengthen,source_url_missing,,ship
samsung_galaxy_a36_5g_rear_main,mobile_camera_module,Samsung,Galaxy A36 5G,,rear_main,,6.531,4.898,8.1636,"1/1.96""",optical_format_conversion,C,good_estimate,yes,provisional,compiled_spec_value,Compiled device camera specification,,Use automatically as estimated geometry; retain provenance and estimated status.,source_url_missing,,primary,recent_android_candidate,Keep in active audit set; final installability should be checked against LIMNTPS minSdk/device catalog.,P2_source_strengthen,source_url_missing,,ship
samsung_galaxy_a36_5g_rear_ultrawide,mobile_camera_module,Samsung,Galaxy A36 5G,,rear_ultrawide,,3.2,2.4,4.0,"1/4.0""",optical_format_conversion,C,good_estimate,yes,provisional,compiled_spec_value,Compiled device camera specification,,Use automatically as estimated geometry; retain provenance and estimated status.,source_url_missing,,primary,recent_android_candidate,Keep in active audit set; final installability should be checked against LIMNTPS minSdk/device catalog.,P2_source_strengthen,source_url_missing,,ship
samsung_galaxy_a52_5g_rear_depth,mobile_camera_module,Samsung,Galaxy A52 5G,,rear_depth,,2.56,1.92,3.2,"1/5.0""",optical_format_conversion,C,good_estimate,yes,provisional,compiled_spec_value,Compiled device camera specification,,Use automatically as estimated geometry; retain provenance and estimated status.,source_url_missing,,primary,recent_android_candidate,Keep in active audit set; final installability should be checked against LIMNTPS minSdk/device catalog.,P2_source_strengthen,source_url_missing,,ship
samsung_galaxy_a52_5g_rear_macro,mobile_camera_module,Samsung,Galaxy A52 5G,,rear_macro,,2.56,1.92,3.2,"1/5.0""",optical_format_conversion,C,good_estimate,yes,provisional,compiled_spec_value,Compiled device camera specification,,Use automatically as estimated geometry; retain provenance and estimated status.,source_url_missing,,primary,recent_android_candidate,Keep in active audit set; final installability should be checked against LIMNTPS minSdk/device catalog.,P2_source_strengthen,source_url_missing,,ship
samsung_galaxy_a52_5g_rear_main,mobile_camera_module,Samsung,Galaxy A52 5G,,rear_main,,7.529,5.647,9.4114,"1/1.7""",optical_format_conversion,C,good_estimate,yes,provisional,compiled_spec_value,Compiled device camera specification,,Use automatically as estimated geometry; retain provenance and estimated status.,source_url_missing,,primary,recent_android_candidate,Keep in active audit set; final installability should be checked against LIMNTPS minSdk/device catalog.,P2_source_strengthen,source_url_missing,,ship
samsung_galaxy_a52_5g_rear_ultrawide,mobile_camera_module,Samsung,Galaxy A52 5G,,rear_ultrawide,,4.267,3.2,5.3336,"1/3.0""",optical_format_conversion,C,good_estimate,yes,provisional,compiled_spec_value,Compiled device camera specification,,Use automatically as estimated geometry; retain provenance and estimated status.,source_url_missing,,primary,recent_android_candidate,Keep in active audit set; final installability should be checked against LIMNTPS minSdk/device catalog.,P2_source_strengthen,source_url_missing,,ship
samsung_galaxy_a53_5g_rear_depth,mobile_camera_module,Samsung,Galaxy A53 5G,,rear_depth,,2.56,1.92,3.2,"1/5.0""",optical_format_conversion,C,good_estimate,yes,provisional,compiled_spec_value,Compiled device camera specification,,Use automatically as estimated geometry; retain provenance and estimated status.,source_url_missing,,primary,recent_android_candidate,Keep in active audit set; final installability should be checked against LIMNTPS minSdk/device catalog.,P2_source_strengthen,source_url_missing,,ship
samsung_galaxy_a53_5g_rear_macro,mobile_camera_module,Samsung,Galaxy A53 5G,,rear_macro,,2.56,1.92,3.2,"1/5.0""",optical_format_conversion,C,good_estimate,yes,provisional,compiled_spec_value,Compiled device camera specification,,Use automatically as estimated geometry; retain provenance and estimated status.,source_url_missing,,primary,recent_android_candidate,Keep in active audit set; final installability should be checked against LIMNTPS minSdk/device catalog.,P2_source_strengthen,source_url_missing,,ship
samsung_galaxy_a53_5g_rear_main,mobile_camera_module,Samsung,Galaxy A53 5G,,rear_main,,7.529,5.647,9.4114,"1/1.7""",optical_format_conversion,C,good_estimate,yes,provisional,compiled_spec_value,Compiled device camera specification,,Use automatically as estimated geometry; retain provenance and estimated status.,source_url_missing,,primary,recent_android_candidate,Keep in active audit set; final installability should be checked against LIMNTPS minSdk/device catalog.,P2_source_strengthen,source_url_missing,,ship
samsung_galaxy_a53_5g_rear_ultrawide,mobile_camera_module,Samsung,Galaxy A53 5G,,rear_ultrawide,,4.267,3.2,5.3336,"1/3.0""",optical_format_conversion,C,good_estimate,yes,provisional,compiled_spec_value,Compiled device camera specification,,Use automatically as estimated geometry; retain provenance and estimated status.,source_url_missing,,primary,recent_android_candidate,Keep in active audit set; final installability should be checked against LIMNTPS minSdk/device catalog.,P2_source_strengthen,source_url_missing,,ship
samsung_galaxy_a54_5g_rear_macro,mobile_camera_module,Samsung,Galaxy A54 5G,,rear_macro,,2.56,1.92,3.2,"1/5.0""",optical_format_conversion,C,good_estimate,yes,provisional,compiled_spec_value,Compiled device camera specification,,Use automatically as estimated geometry; retain provenance and estimated status.,source_url_missing,,primary,recent_android_candidate,Keep in active audit set; final installability should be checked against LIMNTPS minSdk/device catalog.,P2_source_strengthen,source_url_missing,,ship
samsung_galaxy_a54_5g_rear_main,mobile_camera_module,Samsung,Galaxy A54 5G,,rear_main,,8.205,6.154,10.2564,"1/1.56""",optical_format_conversion,C,good_estimate,yes,provisional,compiled_spec_value,Compiled device camera specification,,Use automatically as estimated geometry; retain provenance and estimated status.,source_url_missing,,primary,recent_android_candidate,Keep in active audit set; final installability should be checked against LIMNTPS minSdk/device catalog.,P2_source_strengthen,source_url_missing,,ship
samsung_galaxy_a54_5g_rear_ultrawide,mobile_camera_module,Samsung,Galaxy A54 5G,,rear_ultrawide,,4.267,3.2,5.3336,"1/3.0""",optical_format_conversion,C,good_estimate,yes,provisional,compiled_spec_value,Compiled device camera specification,,Use automatically as estimated geometry; retain provenance and estimated status.,source_url_missing,,primary,recent_android_candidate,Keep in active audit set; final installability should be checked against LIMNTPS minSdk/device catalog.,P2_source_strengthen,source_url_missing,,ship
samsung_galaxy_a55_5g_rear_macro,mobile_camera_module,Samsung,Galaxy A55 5G,,rear_macro,,2.56,1.92,3.2,"1/5.0""",optical_format_conversion,C,good_estimate,yes,provisional,compiled_spec_value,Compiled device camera specification,,Use automatically as estimated geometry; retain provenance and estimated status.,source_url_missing,,primary,recent_android_candidate,Keep in active audit set; final installability should be checked against LIMNTPS minSdk/device catalog.,P2_source_strengthen,source_url_missing,,ship
samsung_galaxy_a55_5g_rear_main,mobile_camera_module,Samsung,Galaxy A55 5G,,rear_main,,8.205,6.154,10.2564,"1/1.56""",optical_format_conversion,C,good_estimate,yes,provisional,compiled_spec_value,Compiled device camera specification,,Use automatically as estimated geometry; retain provenance and estimated status.,source_url_missing,,primary,recent_android_candidate,Keep in active audit set; final installability should be checked against LIMNTPS minSdk/device catalog.,P2_source_strengthen,source_url_missing,,ship
samsung_galaxy_a55_5g_rear_ultrawide,mobile_camera_module,Samsung,Galaxy A55 5G,,rear_ultrawide,,4.267,3.2,5.3336,"1/3.0""",optical_format_conversion,C,good_estimate,yes,provisional,compiled_spec_value,Compiled device camera specification,,Use automatically as estimated geometry; retain provenance and estimated status.,source_url_missing,,primary,recent_android_candidate,Keep in active audit set; final installability should be checked against LIMNTPS minSdk/device catalog.,P2_source_strengthen,source_url_missing,,ship
samsung_galaxy_a56_5g_rear_macro,mobile_camera_module,Samsung,Galaxy A56 5G,,rear_macro,,2.56,1.92,3.2,"1/5.0""",optical_format_conversion,C,good_estimate,yes,provisional,compiled_spec_value,Compiled device camera specification,,Use automatically as estimated geometry; retain provenance and estimated status.,source_url_missing,,primary,recent_android_candidate,Keep in active audit set; final installability should be checked against LIMNTPS minSdk/device catalog.,P2_source_strengthen,source_url_missing,,ship
samsung_galaxy_a56_5g_rear_main,mobile_camera_module,Samsung,Galaxy A56 5G,,rear_main,,8.205,6.154,10.2564,"1/1.56""",optical_format_conversion,C,good_estimate,yes,provisional,compiled_spec_value,Compiled device camera specification,,Use automatically as estimated geometry; retain provenance and estimated status.,source_url_missing,,primary,recent_android_candidate,Keep in active audit set; final installability should be checked against LIMNTPS minSdk/device catalog.,P2_source_strengthen,source_url_missing,,ship
samsung_galaxy_a56_5g_rear_ultrawide,mobile_camera_module,Samsung,Galaxy A56 5G,,rear_ultrawide,,4.267,3.2,5.3336,"1/3.0""",optical_format_conversion,C,good_estimate,yes,provisional,compiled_spec_value,Compiled device camera specification,,Use automatically as estimated geometry; retain provenance and estimated status.,source_url_missing,,primary,recent_android_candidate,Keep in active audit set; final installability should be checked against LIMNTPS minSdk/device catalog.,P2_source_strengthen,source_url_missing,,ship
samsung_galaxy_s20_rear_main,mobile_camera_module,Samsung,Galaxy S20,,rear_main,,7.273,5.455,9.0914,"1/1.76""",optical_format_conversion,C,good_estimate,yes,provisional,,Compiled Galaxy S specification,,Use automatically as estimated geometry; retain provenance and estimated status.,source_url_missing,,primary,recent_android_candidate,Keep in active audit set; final installability should be checked against LIMNTPS minSdk/device catalog.,P2_source_strengthen,source_url_missing,,ship
samsung_galaxy_s20_rear_telephoto,mobile_camera_module,Samsung,Galaxy S20,,rear_telephoto,,7.442,5.581,9.3022,"1/1.72""",optical_format_conversion,C,good_estimate,yes,provisional,,Compiled Galaxy S specification,,Use automatically as estimated geometry; retain provenance and estimated status.,source_url_missing,High-resolution crop-tele module; exact format/source requires audit.,primary,recent_android_candidate,Keep in active audit set; final installability should be checked against LIMNTPS minSdk/device catalog.,P2_source_strengthen,source_url_missing,,ship
samsung_galaxy_s20_rear_ultrawide,mobile_camera_module,Samsung,Galaxy S20,,rear_ultrawide,,5.02,3.765,6.275,"1/2.55""",optical_format_conversion,C,good_estimate,yes,provisional,,Compiled Galaxy S specification,,Use automatically as estimated geometry; retain provenance and estimated status.,source_url_missing,,primary,recent_android_candidate,Keep in active audit set; final installability should be checked against LIMNTPS minSdk/device catalog.,P2_source_strengthen,source_url_missing,,ship
samsung_galaxy_s20_plus_rear_main,mobile_camera_module,Samsung,Galaxy S20 Plus,,rear_main,,7.273,5.455,9.0914,"1/1.76""",optical_format_conversion,C,good_estimate,yes,provisional,,Compiled Galaxy S specification,,Use automatically as estimated geometry; retain provenance and estimated status.,source_url_missing,,primary,recent_android_candidate,Keep in active audit set; final installability should be checked against LIMNTPS minSdk/device catalog.,P2_source_strengthen,source_url_missing,,ship
samsung_galaxy_s20_plus_rear_telephoto,mobile_camera_module,Samsung,Galaxy S20 Plus,,rear_telephoto,,7.442,5.581,9.3022,"1/1.72""",optical_format_conversion,C,good_estimate,yes,provisional,,Compiled Galaxy S specification,,Use automatically as estimated geometry; retain provenance and estimated status.,source_url_missing,High-resolution crop-tele module; exact format/source requires audit.,primary,recent_android_candidate,Keep in active audit set; final installability should be checked against LIMNTPS minSdk/device catalog.,P2_source_strengthen,source_url_missing,,ship
samsung_galaxy_s20_plus_rear_ultrawide,mobile_camera_module,Samsung,Galaxy S20 Plus,,rear_ultrawide,,5.02,3.765,6.275,"1/2.55""",optical_format_conversion,C,good_estimate,yes,provisional,,Compiled Galaxy S specification,,Use automatically as estimated geometry; retain provenance and estimated status.,source_url_missing,,primary,recent_android_candidate,Keep in active audit set; final installability should be checked against LIMNTPS minSdk/device catalog.,P2_source_strengthen,source_url_missing,,ship
samsung_galaxy_s20_ultra_rear_main,mobile_camera_module,Samsung,Galaxy S20 Ultra,,rear_main,,9.624,7.218,12.03,"1/1.33""",optical_format_conversion,C,good_estimate,yes,probable,,PhoneArena,https://www.phonearena.com/phones/Samsung-Galaxy-S20-Ultra-5G_id11288,Good estimate; UI may mark sensor geometry as estimated.,,,primary,recent_android_candidate,Keep in active audit set; final installability should be checked against LIMNTPS minSdk/device catalog.,P3_verified_or_secondary,,,ship
samsung_galaxy_s20_ultra_rear_telephoto_3x,mobile_camera_module,Samsung,Galaxy S20 Ultra,,rear_telephoto_3x,,3.657,2.743,4.5714,"1/3.5""",optical_format_conversion,C,good_estimate,yes,probable,,PhoneArena,https://www.phonearena.com/phones/Samsung-Galaxy-S20-Ultra-5G_id11288,Good estimate; UI may mark sensor geometry as estimated.,,,primary,recent_android_candidate,Keep in active audit set; final installability should be checked against LIMNTPS minSdk/device catalog.,P3_verified_or_secondary,,,ship
samsung_galaxy_s20_ultra_rear_telephoto_long,mobile_camera_module,Samsung,Galaxy S20 Ultra,,rear_telephoto_long,,2.909,2.182,3.6364,"1/4.4""",optical_format_conversion,C,good_estimate,yes,probable,,PhoneArena,https://www.phonearena.com/phones/Samsung-Galaxy-S20-Ultra-5G_id11288,Good estimate; UI may mark sensor geometry as estimated.,,,primary,recent_android_candidate,Keep in active audit set; final installability should be checked against LIMNTPS minSdk/device catalog.,P3_verified_or_secondary,,,ship
samsung_galaxy_s20_ultra_rear_ultrawide,mobile_camera_module,Samsung,Galaxy S20 Ultra,,rear_ultrawide,,5.02,3.765,6.275,"1/2.55""",optical_format_conversion,C,good_estimate,yes,probable,,PhoneArena,https://www.phonearena.com/phones/Samsung-Galaxy-S20-Ultra-5G_id11288,Good estimate; UI may mark sensor geometry as estimated.,,,primary,recent_android_candidate,Keep in active audit set; final installability should be checked against LIMNTPS minSdk/device catalog.,P3_verified_or_secondary,,,ship
samsung_galaxy_s21_rear_main,mobile_camera_module,Samsung,Galaxy S21,,rear_main,,7.273,5.455,9.0914,"1/1.76""",optical_format_conversion,C,good_estimate,yes,provisional,,Compiled Galaxy S specification,,Use automatically as estimated geometry; retain provenance and estimated status.,source_url_missing,,primary,recent_android_candidate,Keep in active audit set; final installability should be checked against LIMNTPS minSdk/device catalog.,P2_source_strengthen,source_url_missing,,ship
samsung_galaxy_s21_rear_telephoto,mobile_camera_module,Samsung,Galaxy S21,,rear_telephoto,,7.442,5.581,9.3022,"1/1.72""",optical_format_conversion,C,good_estimate,yes,provisional,,Compiled Galaxy S specification,,Use automatically as estimated geometry; retain provenance and estimated status.,source_url_missing,High-resolution crop-tele module; exact format/source requires audit.,primary,recent_android_candidate,Keep in active audit set; final installability should be checked against LIMNTPS minSdk/device catalog.,P2_source_strengthen,source_url_missing,,ship
samsung_galaxy_s21_rear_ultrawide,mobile_camera_module,Samsung,Galaxy S21,,rear_ultrawide,,5.02,3.765,6.275,"1/2.55""",optical_format_conversion,C,good_estimate,yes,provisional,,Compiled Galaxy S specification,,Use automatically as estimated geometry; retain provenance and estimated status.,source_url_missing,,primary,recent_android_candidate,Keep in active audit set; final installability should be checked against LIMNTPS minSdk/device catalog.,P2_source_strengthen,source_url_missing,,ship
samsung_galaxy_s21_plus_rear_main,mobile_camera_module,Samsung,Galaxy S21 Plus,,rear_main,,7.273,5.455,9.0914,"1/1.76""",optical_format_conversion,C,good_estimate,yes,provisional,,Compiled Galaxy S specification,,Use automatically as estimated geometry; retain provenance and estimated status.,source_url_missing,,primary,recent_android_candidate,Keep in active audit set; final installability should be checked against LIMNTPS minSdk/device catalog.,P2_source_strengthen,source_url_missing,,ship
samsung_galaxy_s21_plus_rear_telephoto,mobile_camera_module,Samsung,Galaxy S21 Plus,,rear_telephoto,,7.442,5.581,9.3022,"1/1.72""",optical_format_conversion,C,good_estimate,yes,provisional,,Compiled Galaxy S specification,,Use automatically as estimated geometry; retain provenance and estimated status.,source_url_missing,High-resolution crop-tele module; exact format/source requires audit.,primary,recent_android_candidate,Keep in active audit set; final installability should be checked against LIMNTPS minSdk/device catalog.,P2_source_strengthen,source_url_missing,,ship
samsung_galaxy_s21_plus_rear_ultrawide,mobile_camera_module,Samsung,Galaxy S21 Plus,,rear_ultrawide,,5.02,3.765,6.275,"1/2.55""",optical_format_conversion,C,good_estimate,yes,provisional,,Compiled Galaxy S specification,,Use automatically as estimated geometry; retain provenance and estimated status.,source_url_missing,,primary,recent_android_candidate,Keep in active audit set; final installability should be checked against LIMNTPS minSdk/device catalog.,P2_source_strengthen,source_url_missing,,ship
samsung_galaxy_s21_ultra_rear_main,mobile_camera_module,Samsung,Galaxy S21 Ultra,,rear_main,,9.624,7.218,12.03,"1/1.33""",optical_format_conversion,C,good_estimate,yes,probable,,PhoneArena,https://www.phonearena.com/phones/Samsung-Galaxy-S21-Ultra_id11510,Good estimate; UI may mark sensor geometry as estimated.,,,primary,recent_android_candidate,Keep in active audit set; final installability should be checked against LIMNTPS minSdk/device catalog.,P3_verified_or_secondary,,,ship
samsung_galaxy_s21_ultra_rear_telephoto_3x,mobile_camera_module,Samsung,Galaxy S21 Ultra,,rear_telephoto_3x,,3.636,2.727,4.545,"1/3.52""",optical_format_conversion,C,good_estimate,yes,probable,,PhoneArena,https://www.phonearena.com/phones/Samsung-Galaxy-S21-Ultra_id11510,Good estimate; UI may mark sensor geometry as estimated.,,,primary,recent_android_candidate,Keep in active audit set; final installability should be checked against LIMNTPS minSdk/device catalog.,P3_verified_or_secondary,,,ship
samsung_galaxy_s21_ultra_rear_telephoto_long,mobile_camera_module,Samsung,Galaxy S21 Ultra,,rear_telephoto_long,,3.636,2.727,4.545,"1/3.52""",optical_format_conversion,C,good_estimate,yes,probable,,PhoneArena,https://www.phonearena.com/phones/Samsung-Galaxy-S21-Ultra_id11510,Good estimate; UI may mark sensor geometry as estimated.,,,primary,recent_android_candidate,Keep in active audit set; final installability should be checked against LIMNTPS minSdk/device catalog.,P3_verified_or_secondary,,,ship
samsung_galaxy_s21_ultra_rear_ultrawide,mobile_camera_module,Samsung,Galaxy S21 Ultra,,rear_ultrawide,,5.02,3.765,6.275,"1/2.55""",optical_format_conversion,C,good_estimate,yes,probable,,PhoneArena,https://www.phonearena.com/phones/Samsung-Galaxy-S21-Ultra_id11510,Good estimate; UI may mark sensor geometry as estimated.,,,primary,recent_android_candidate,Keep in active audit set; final installability should be checked against LIMNTPS minSdk/device catalog.,P3_verified_or_secondary,,,ship
samsung_galaxy_s22_rear_main,mobile_camera_module,Samsung,Galaxy S22,,rear_main,,8.205,6.154,10.2564,"1/1.56""",optical_format_conversion,C,good_estimate,yes,probable,,PhoneArena/compiled,,Good estimate; UI may mark sensor geometry as estimated.,source_url_missing,,primary,recent_android_candidate,Keep in active audit set; final installability should be checked against LIMNTPS minSdk/device catalog.,P2_source_strengthen,source_url_missing,,ship
samsung_galaxy_s22_rear_telephoto_3x,mobile_camera_module,Samsung,Galaxy S22,,rear_telephoto_3x,,3.249,2.437,4.0614,"1/3.94""",optical_format_conversion,C,good_estimate,yes,probable,,PhoneArena/compiled,,Good estimate; UI may mark sensor geometry as estimated.,source_url_missing,,primary,recent_android_candidate,Keep in active audit set; final installability should be checked against LIMNTPS minSdk/device catalog.,P2_source_strengthen,source_url_missing,,ship
samsung_galaxy_s22_rear_ultrawide,mobile_camera_module,Samsung,Galaxy S22,,rear_ultrawide,,5.02,3.765,6.275,"1/2.55""",optical_format_conversion,C,good_estimate,yes,probable,,PhoneArena/compiled,,Good estimate; UI may mark sensor geometry as estimated.,source_url_missing,,primary,recent_android_candidate,Keep in active audit set; final installability should be checked against LIMNTPS minSdk/device catalog.,P2_source_strengthen,source_url_missing,,ship
samsung_galaxy_s22_plus_rear_main,mobile_camera_module,Samsung,Galaxy S22 Plus,,rear_main,,8.205,6.154,10.2564,"1/1.56""",optical_format_conversion,C,good_estimate,yes,probable,,PhoneArena/compiled,,Good estimate; UI may mark sensor geometry as estimated.,source_url_missing,,primary,recent_android_candidate,Keep in active audit set; final installability should be checked against LIMNTPS minSdk/device catalog.,P2_source_strengthen,source_url_missing,,ship
samsung_galaxy_s22_plus_rear_telephoto_3x,mobile_camera_module,Samsung,Galaxy S22 Plus,,rear_telephoto_3x,,3.249,2.437,4.0614,"1/3.94""",optical_format_conversion,C,good_estimate,yes,probable,,PhoneArena/compiled,,Good estimate; UI may mark sensor geometry as estimated.,source_url_missing,,primary,recent_android_candidate,Keep in active audit set; final installability should be checked against LIMNTPS minSdk/device catalog.,P2_source_strengthen,source_url_missing,,ship
samsung_galaxy_s22_plus_rear_ultrawide,mobile_camera_module,Samsung,Galaxy S22 Plus,,rear_ultrawide,,5.02,3.765,6.275,"1/2.55""",optical_format_conversion,C,good_estimate,yes,probable,,PhoneArena/compiled,,Good estimate; UI may mark sensor geometry as estimated.,source_url_missing,,primary,recent_android_candidate,Keep in active audit set; final installability should be checked against LIMNTPS minSdk/device catalog.,P2_source_strengthen,source_url_missing,,ship
samsung_galaxy_s22_ultra_rear_main,mobile_camera_module,Samsung,Galaxy S22 Ultra,,rear_main,,9.624,7.218,12.03,"1/1.33""",optical_format_conversion,C,good_estimate,yes,probable,,PhoneArena,https://origin.phonearena.com/phones/Samsung-Galaxy-S22-Ultra_id11761,Good estimate; UI may mark sensor geometry as estimated.,,,primary,recent_android_candidate,Keep in active audit set; final installability should be checked against LIMNTPS minSdk/device catalog.,P3_verified_or_secondary,,,ship
samsung_galaxy_s22_ultra_rear_telephoto_3x,mobile_camera_module,Samsung,Galaxy S22 Ultra,,rear_telephoto_3x,,3.636,2.727,4.545,"1/3.52""",optical_format_conversion,C,good_estimate,yes,probable,,PhoneArena,https://origin.phonearena.com/phones/Samsung-Galaxy-S22-Ultra_id11761,Good estimate; UI may mark sensor geometry as estimated.,,,primary,recent_android_candidate,Keep in active audit set; final installability should be checked against LIMNTPS minSdk/device catalog.,P3_verified_or_secondary,,,ship
samsung_galaxy_s22_ultra_rear_telephoto_long,mobile_camera_module,Samsung,Galaxy S22 Ultra,,rear_telephoto_long,,3.636,2.727,4.545,"1/3.52""",optical_format_conversion,C,good_estimate,yes,probable,,PhoneArena,https://origin.phonearena.com/phones/Samsung-Galaxy-S22-Ultra_id11761,Good estimate; UI may mark sensor geometry as estimated.,,,primary,recent_android_candidate,Keep in active audit set; final installability should be checked against LIMNTPS minSdk/device catalog.,P3_verified_or_secondary,,,ship
samsung_galaxy_s22_ultra_rear_ultrawide,mobile_camera_module,Samsung,Galaxy S22 Ultra,,rear_ultrawide,,5.02,3.765,6.275,"1/2.55""",optical_format_conversion,C,good_estimate,yes,probable,,PhoneArena,https://origin.phonearena.com/phones/Samsung-Galaxy-S22-Ultra_id11761,Good estimate; UI may mark sensor geometry as estimated.,,,primary,recent_android_candidate,Keep in active audit set; final installability should be checked against LIMNTPS minSdk/device catalog.,P3_verified_or_secondary,,,ship
samsung_galaxy_s23_rear_main,mobile_camera_module,Samsung,Galaxy S23,,rear_main,Samsung GN3,8.205,6.154,10.2564,"1/1.56""",optical_format_conversion,C,good_estimate,yes,probable,,PhoneArena/compiled,,Good estimate; UI may mark sensor geometry as estimated.,source_url_missing,,primary,recent_android_candidate,Keep in active audit set; final installability should be checked against LIMNTPS minSdk/device catalog.,P2_source_strengthen,source_url_missing,,ship
samsung_galaxy_s23_rear_telephoto_3x,mobile_camera_module,Samsung,Galaxy S23,,rear_telephoto_3x,Samsung S5K3K1,3.249,2.437,4.0614,"1/3.94""",optical_format_conversion,C,good_estimate,yes,probable,,PhoneArena/compiled,,Good estimate; UI may mark sensor geometry as estimated.,source_url_missing,,primary,recent_android_candidate,Keep in active audit set; final installability should be checked against LIMNTPS minSdk/device catalog.,P2_source_strengthen,source_url_missing,,ship
samsung_galaxy_s23_rear_ultrawide,mobile_camera_module,Samsung,Galaxy S23,,rear_ultrawide,Sony IMX564,5.02,3.765,6.275,"1/2.55""",optical_format_conversion,C,good_estimate,yes,probable,,PhoneArena/compiled,,Good estimate; UI may mark sensor geometry as estimated.,source_url_missing,,primary,recent_android_candidate,Keep in active audit set; final installability should be checked against LIMNTPS minSdk/device catalog.,P2_source_strengthen,source_url_missing,,ship
samsung_galaxy_s23_plus_rear_main,mobile_camera_module,Samsung,Galaxy S23 Plus,,rear_main,Samsung GN3,8.205,6.154,10.2564,"1/1.56""",optical_format_conversion,C,good_estimate,yes,probable,,PhoneArena/compiled,,Good estimate; UI may mark sensor geometry as estimated.,source_url_missing,,primary,recent_android_candidate,Keep in active audit set; final installability should be checked against LIMNTPS minSdk/device catalog.,P2_source_strengthen,source_url_missing,,ship
samsung_galaxy_s23_plus_rear_telephoto_3x,mobile_camera_module,Samsung,Galaxy S23 Plus,,rear_telephoto_3x,Samsung S5K3K1,3.249,2.437,4.0614,"1/3.94""",optical_format_conversion,C,good_estimate,yes,probable,,PhoneArena/compiled,,Good estimate; UI may mark sensor geometry as estimated.,source_url_missing,,primary,recent_android_candidate,Keep in active audit set; final installability should be checked against LIMNTPS minSdk/device catalog.,P2_source_strengthen,source_url_missing,,ship
samsung_galaxy_s23_plus_rear_ultrawide,mobile_camera_module,Samsung,Galaxy S23 Plus,,rear_ultrawide,Sony IMX564,5.02,3.765,6.275,"1/2.55""",optical_format_conversion,C,good_estimate,yes,probable,,PhoneArena/compiled,,Good estimate; UI may mark sensor geometry as estimated.,source_url_missing,,primary,recent_android_candidate,Keep in active audit set; final installability should be checked against LIMNTPS minSdk/device catalog.,P2_source_strengthen,source_url_missing,,ship
samsung_galaxy_s23_ultra_rear_main,mobile_camera_module,Samsung,Galaxy S23 Ultra,,rear_main,,9.846,7.385,12.3078,"1/1.3""",optical_format_conversion,C,good_estimate,yes,probable,,PhoneArena,https://www.phonearena.com/phones/Samsung-Galaxy-S23-Ultra_id12002,Good estimate; UI may mark sensor geometry as estimated.,,,primary,recent_android_candidate,Keep in active audit set; final installability should be checked against LIMNTPS minSdk/device catalog.,P3_verified_or_secondary,,,ship
samsung_galaxy_s23_ultra_rear_telephoto_3x,mobile_camera_module,Samsung,Galaxy S23 Ultra,,rear_telephoto_3x,,3.636,2.727,4.545,"1/3.52""",optical_format_conversion,C,good_estimate,yes,probable,,PhoneArena,https://www.phonearena.com/phones/Samsung-Galaxy-S23-Ultra_id12002,Good estimate; UI may mark sensor geometry as estimated.,,,primary,recent_android_candidate,Keep in active audit set; final installability should be checked against LIMNTPS minSdk/device catalog.,P3_verified_or_secondary,,,ship
samsung_galaxy_s23_ultra_rear_telephoto_long,mobile_camera_module,Samsung,Galaxy S23 Ultra,,rear_telephoto_long,,3.636,2.727,4.545,"1/3.52""",optical_format_conversion,C,good_estimate,yes,probable,,PhoneArena,https://www.phonearena.com/phones/Samsung-Galaxy-S23-Ultra_id12002,Good estimate; UI may mark sensor geometry as estimated.,,,primary,recent_android_candidate,Keep in active audit set; final installability should be checked against LIMNTPS minSdk/device catalog.,P3_verified_or_secondary,,,ship
samsung_galaxy_s23_ultra_rear_ultrawide,mobile_camera_module,Samsung,Galaxy S23 Ultra,,rear_ultrawide,,5.02,3.765,6.275,"1/2.55""",optical_format_conversion,C,good_estimate,yes,probable,,PhoneArena,https://www.phonearena.com/phones/Samsung-Galaxy-S23-Ultra_id12002,Good estimate; UI may mark sensor geometry as estimated.,,,primary,recent_android_candidate,Keep in active audit set; final installability should be checked against LIMNTPS minSdk/device catalog.,P3_verified_or_secondary,,,ship
samsung_galaxy_s24_rear_main,mobile_camera_module,Samsung,Galaxy S24,,rear_main,Samsung GN3,8.205,6.154,10.2564,"1/1.56""",optical_format_conversion,C,good_estimate,yes,probable,,PhoneArena/compiled,,Good estimate; UI may mark sensor geometry as estimated.,source_url_missing,,primary,recent_android_candidate,Keep in active audit set; final installability should be checked against LIMNTPS minSdk/device catalog.,P2_source_strengthen,source_url_missing,,ship
samsung_galaxy_s24_rear_telephoto_3x,mobile_camera_module,Samsung,Galaxy S24,,rear_telephoto_3x,Samsung S5K3K1,3.249,2.437,4.0614,"1/3.94""",optical_format_conversion,C,good_estimate,yes,probable,,PhoneArena/compiled,,Good estimate; UI may mark sensor geometry as estimated.,source_url_missing,,primary,recent_android_candidate,Keep in active audit set; final installability should be checked against LIMNTPS minSdk/device catalog.,P2_source_strengthen,source_url_missing,,ship
samsung_galaxy_s24_rear_ultrawide,mobile_camera_module,Samsung,Galaxy S24,,rear_ultrawide,Sony IMX564,5.02,3.765,6.275,"1/2.55""",optical_format_conversion,C,good_estimate,yes,probable,,PhoneArena/compiled,,Good estimate; UI may mark sensor geometry as estimated.,source_url_missing,,primary,recent_android_candidate,Keep in active audit set; final installability should be checked against LIMNTPS minSdk/device catalog.,P2_source_strengthen,source_url_missing,,ship
samsung_galaxy_s24_plus_rear_main,mobile_camera_module,Samsung,Galaxy S24 Plus,,rear_main,Samsung GN3,8.205,6.154,10.2564,"1/1.56""",optical_format_conversion,C,good_estimate,yes,probable,,PhoneArena/compiled,,Good estimate; UI may mark sensor geometry as estimated.,source_url_missing,,primary,recent_android_candidate,Keep in active audit set; final installability should be checked against LIMNTPS minSdk/device catalog.,P2_source_strengthen,source_url_missing,,ship
samsung_galaxy_s24_plus_rear_telephoto_3x,mobile_camera_module,Samsung,Galaxy S24 Plus,,rear_telephoto_3x,Samsung S5K3K1,3.249,2.437,4.0614,"1/3.94""",optical_format_conversion,C,good_estimate,yes,probable,,PhoneArena/compiled,,Good estimate; UI may mark sensor geometry as estimated.,source_url_missing,,primary,recent_android_candidate,Keep in active audit set; final installability should be checked against LIMNTPS minSdk/device catalog.,P2_source_strengthen,source_url_missing,,ship
samsung_galaxy_s24_plus_rear_ultrawide,mobile_camera_module,Samsung,Galaxy S24 Plus,,rear_ultrawide,Sony IMX564,5.02,3.765,6.275,"1/2.55""",optical_format_conversion,C,good_estimate,yes,probable,,PhoneArena/compiled,,Good estimate; UI may mark sensor geometry as estimated.,source_url_missing,,primary,recent_android_candidate,Keep in active audit set; final installability should be checked against LIMNTPS minSdk/device catalog.,P2_source_strengthen,source_url_missing,,ship
samsung_galaxy_s24_ultra_rear_main,mobile_camera_module,Samsung,Galaxy S24 Ultra,,rear_main,,9.846,7.385,12.3078,"1/1.3""",optical_format_conversion,C,good_estimate,yes,probable,,PhoneArena,https://origin.phonearena.com/phones/Samsung-Galaxy-S24-Ultra_id12115,Good estimate; UI may mark sensor geometry as estimated.,,,primary,recent_android_candidate,Keep in active audit set; final installability should be checked against LIMNTPS minSdk/device catalog.,P3_verified_or_secondary,,,ship
samsung_galaxy_s24_ultra_rear_telephoto_3x,mobile_camera_module,Samsung,Galaxy S24 Ultra,,rear_telephoto_3x,,3.636,2.727,4.545,"1/3.52""",optical_format_conversion,C,good_estimate,yes,probable,,PhoneArena,https://origin.phonearena.com/phones/Samsung-Galaxy-S24-Ultra_id12115,Good estimate; UI may mark sensor geometry as estimated.,,,primary,recent_android_candidate,Keep in active audit set; final installability should be checked against LIMNTPS minSdk/device catalog.,P3_verified_or_secondary,,,ship
samsung_galaxy_s24_ultra_rear_telephoto_long,mobile_camera_module,Samsung,Galaxy S24 Ultra,,rear_telephoto_long,,5.079,3.81,6.3492,"1/2.52""",optical_format_conversion,C,good_estimate,yes,probable,,PhoneArena,https://origin.phonearena.com/phones/Samsung-Galaxy-S24-Ultra_id12115,Good estimate; UI may mark sensor geometry as estimated.,,,primary,recent_android_candidate,Keep in active audit set; final installability should be checked against LIMNTPS minSdk/device catalog.,P3_verified_or_secondary,,,ship
samsung_galaxy_s24_ultra_rear_ultrawide,mobile_camera_module,Samsung,Galaxy S24 Ultra,,rear_ultrawide,,5.02,3.765,6.275,"1/2.55""",optical_format_conversion,C,good_estimate,yes,probable,,PhoneArena,https://origin.phonearena.com/phones/Samsung-Galaxy-S24-Ultra_id12115,Good estimate; UI may mark sensor geometry as estimated.,,,primary,recent_android_candidate,Keep in active audit set; final installability should be checked against LIMNTPS minSdk/device catalog.,P3_verified_or_secondary,,,ship
samsung_galaxy_s25_rear_main,mobile_camera_module,Samsung,Galaxy S25,,rear_main,Samsung GN3,8.205,6.154,10.2564,"1/1.56""",optical_format_conversion,C,good_estimate,yes,probable,,PhoneArena/compiled,https://www.phonearena.com/phones/compare/Samsung-Galaxy-S25%2CSamsung-Galaxy-S25-Ultra/phones/12340%2C12343,Good estimate; UI may mark sensor geometry as estimated.,,,primary,recent_android_candidate,Keep in active audit set; final installability should be checked against LIMNTPS minSdk/device catalog.,P3_verified_or_secondary,,,ship
samsung_galaxy_s25_rear_telephoto_3x,mobile_camera_module,Samsung,Galaxy S25,,rear_telephoto_3x,Samsung S5K3K1,3.249,2.437,4.0614,"1/3.94""",optical_format_conversion,C,good_estimate,yes,probable,,PhoneArena/compiled,https://www.phonearena.com/phones/compare/Samsung-Galaxy-S25%2CSamsung-Galaxy-S25-Ultra/phones/12340%2C12343,Good estimate; UI may mark sensor geometry as estimated.,,,primary,recent_android_candidate,Keep in active audit set; final installability should be checked against LIMNTPS minSdk/device catalog.,P3_verified_or_secondary,,,ship
samsung_galaxy_s25_rear_ultrawide,mobile_camera_module,Samsung,Galaxy S25,,rear_ultrawide,Sony IMX564,5.02,3.765,6.275,"1/2.55""",optical_format_conversion,C,good_estimate,yes,probable,,PhoneArena/compiled,https://www.phonearena.com/phones/compare/Samsung-Galaxy-S25%2CSamsung-Galaxy-S25-Ultra/phones/12340%2C12343,Good estimate; UI may mark sensor geometry as estimated.,,,primary,recent_android_candidate,Keep in active audit set; final installability should be checked against LIMNTPS minSdk/device catalog.,P3_verified_or_secondary,,,ship
samsung_galaxy_s25_plus_rear_main,mobile_camera_module,Samsung,Galaxy S25 Plus,,rear_main,Samsung GN3,8.205,6.154,10.2564,"1/1.56""",optical_format_conversion,C,good_estimate,yes,probable,,PhoneArena/compiled,https://www.phonearena.com/phones/compare/Samsung-Galaxy-S25%2CSamsung-Galaxy-S25-Ultra/phones/12340%2C12343,Good estimate; UI may mark sensor geometry as estimated.,,,primary,recent_android_candidate,Keep in active audit set; final installability should be checked against LIMNTPS minSdk/device catalog.,P3_verified_or_secondary,,,ship
samsung_galaxy_s25_plus_rear_telephoto_3x,mobile_camera_module,Samsung,Galaxy S25 Plus,,rear_telephoto_3x,Samsung S5K3K1,3.249,2.437,4.0614,"1/3.94""",optical_format_conversion,C,good_estimate,yes,probable,,PhoneArena/compiled,https://www.phonearena.com/phones/compare/Samsung-Galaxy-S25%2CSamsung-Galaxy-S25-Ultra/phones/12340%2C12343,Good estimate; UI may mark sensor geometry as estimated.,,,primary,recent_android_candidate,Keep in active audit set; final installability should be checked against LIMNTPS minSdk/device catalog.,P3_verified_or_secondary,,,ship
samsung_galaxy_s25_plus_rear_ultrawide,mobile_camera_module,Samsung,Galaxy S25 Plus,,rear_ultrawide,Sony IMX564,5.02,3.765,6.275,"1/2.55""",optical_format_conversion,C,good_estimate,yes,probable,,PhoneArena/compiled,https://www.phonearena.com/phones/compare/Samsung-Galaxy-S25%2CSamsung-Galaxy-S25-Ultra/phones/12340%2C12343,Good estimate; UI may mark sensor geometry as estimated.,,,primary,recent_android_candidate,Keep in active audit set; final installability should be checked against LIMNTPS minSdk/device catalog.,P3_verified_or_secondary,,,ship
samsung_galaxy_s25_ultra_rear_main,mobile_camera_module,Samsung,Galaxy S25 Ultra,,rear_main,,9.846,7.385,12.3078,"1/1.3""",optical_format_conversion,C,good_estimate,yes,probable,,PhoneArena,https://www.phonearena.com/phones/Samsung-Galaxy-S25-Ultra_id12343,Good estimate; UI may mark sensor geometry as estimated.,,,primary,recent_android_candidate,Keep in active audit set; final installability should be checked against LIMNTPS minSdk/device catalog.,P3_verified_or_secondary,,,ship
samsung_galaxy_s25_ultra_rear_telephoto_3x,mobile_camera_module,Samsung,Galaxy S25 Ultra,,rear_telephoto_3x,,3.636,2.727,4.545,"1/3.52""",optical_format_conversion,C,good_estimate,yes,probable,,PhoneArena,https://www.phonearena.com/phones/Samsung-Galaxy-S25-Ultra_id12343,Good estimate; UI may mark sensor geometry as estimated.,,,primary,recent_android_candidate,Keep in active audit set; final installability should be checked against LIMNTPS minSdk/device catalog.,P3_verified_or_secondary,,,ship
samsung_galaxy_s25_ultra_rear_telephoto_long,mobile_camera_module,Samsung,Galaxy S25 Ultra,,rear_telephoto_long,,5.079,3.81,6.3492,"1/2.52""",optical_format_conversion,C,good_estimate,yes,probable,,PhoneArena,https://www.phonearena.com/phones/Samsung-Galaxy-S25-Ultra_id12343,Good estimate; UI may mark sensor geometry as estimated.,,,primary,recent_android_candidate,Keep in active audit set; final installability should be checked against LIMNTPS minSdk/device catalog.,P3_verified_or_secondary,,,ship
samsung_galaxy_s25_ultra_rear_ultrawide,mobile_camera_module,Samsung,Galaxy S25 Ultra,,rear_ultrawide,,4.638,3.478,5.7972,"1/2.76""",optical_format_conversion,C,good_estimate,yes,provisional,,PhoneArena,https://www.phonearena.com/phones/Samsung-Galaxy-S25-Ultra_id12343,Use automatically as estimated geometry; retain provenance and estimated status.,,S25 Ultra ultrawide JN3 exact optical-format figure needs source-link audit.,primary,recent_android_candidate,Keep in active audit set; final installability should be checked against LIMNTPS minSdk/device catalog.,P3_verified_or_secondary,,,ship
sony_xperia_1_iii_rear_main,mobile_camera_module,Sony,Xperia 1 III,,rear_main,,7.529,5.647,9.4114,"1/1.7""",optical_format_conversion,C,good_estimate,yes,provisional,compiled_spec_value,Compiled Xperia camera specification,,Use automatically as estimated geometry; retain provenance and estimated status.,source_url_missing,,primary,recent_android_candidate,Keep in active audit set; final installability should be checked against LIMNTPS minSdk/device catalog.,P2_source_strengthen,source_url_missing,,ship
sony_xperia_1_iii_rear_telephoto,mobile_camera_module,Sony,Xperia 1 III,,rear_telephoto,,4.414,3.31,5.5172,"1/2.9""",optical_format_conversion,C,good_estimate,yes,provisional,compiled_spec_value,Compiled Xperia camera specification,,Use automatically as estimated geometry; retain provenance and estimated status.,source_url_missing,,primary,recent_android_candidate,Keep in active audit set; final installability should be checked against LIMNTPS minSdk/device catalog.,P2_source_strengthen,source_url_missing,,ship
sony_xperia_1_iii_rear_ultrawide,mobile_camera_module,Sony,Xperia 1 III,,rear_ultrawide,,5.12,3.84,6.4,"1/2.5""",optical_format_conversion,C,good_estimate,yes,provisional,compiled_spec_value,Compiled Xperia camera specification,,Use automatically as estimated geometry; retain provenance and estimated status.,source_url_missing,,primary,recent_android_candidate,Keep in active audit set; final installability should be checked against LIMNTPS minSdk/device catalog.,P2_source_strengthen,source_url_missing,,ship
sony_xperia_1_iv_rear_main,mobile_camera_module,Sony,Xperia 1 IV,,rear_main,,7.529,5.647,9.4114,"1/1.7""",optical_format_conversion,C,good_estimate,yes,provisional,compiled_spec_value,Compiled Xperia camera specification,,Use automatically as estimated geometry; retain provenance and estimated status.,source_url_missing,,primary,recent_android_candidate,Keep in active audit set; final installability should be checked against LIMNTPS minSdk/device catalog.,P2_source_strengthen,source_url_missing,,ship
sony_xperia_1_iv_rear_telephoto,mobile_camera_module,Sony,Xperia 1 IV,,rear_telephoto,,4.414,3.31,5.5172,"1/2.9""",optical_format_conversion,C,good_estimate,yes,provisional,compiled_spec_value,Compiled Xperia camera specification,,Use automatically as estimated geometry; retain provenance and estimated status.,source_url_missing,,primary,recent_android_candidate,Keep in active audit set; final installability should be checked against LIMNTPS minSdk/device catalog.,P2_source_strengthen,source_url_missing,,ship
sony_xperia_1_iv_rear_ultrawide,mobile_camera_module,Sony,Xperia 1 IV,,rear_ultrawide,,5.12,3.84,6.4,"1/2.5""",optical_format_conversion,C,good_estimate,yes,provisional,compiled_spec_value,Compiled Xperia camera specification,,Use automatically as estimated geometry; retain provenance and estimated status.,source_url_missing,,primary,recent_android_candidate,Keep in active audit set; final installability should be checked against LIMNTPS minSdk/device catalog.,P2_source_strengthen,source_url_missing,,ship
sony_xperia_1_v_rear_main,mobile_camera_module,Sony,Xperia 1 V,,rear_main,,9.481,7.111,11.8514,"1/1.35""",optical_format_conversion,C,good_estimate,yes,probable,manufacturer_format_verified,Sony official specifications,https://www.sony.com/electronics/support/mobile-phones-tablets-mobile-phones/xperia-1-v/specifications,Good estimate; UI may mark sensor geometry as estimated.,,,primary,recent_android_candidate,Keep in active audit set; final installability should be checked against LIMNTPS minSdk/device catalog.,P3_verified_or_secondary,,,ship
sony_xperia_1_v_rear_telephoto,mobile_camera_module,Sony,Xperia 1 V,,rear_telephoto,,4.414,3.31,5.5172,"1/2.9""",optical_format_conversion,C,good_estimate,yes,probable,manufacturer_format_verified,Sony official specifications,https://www.sony.com/electronics/support/mobile-phones-tablets-mobile-phones/xperia-1-v/specifications,Good estimate; UI may mark sensor geometry as estimated.,,,primary,recent_android_candidate,Keep in active audit set; final installability should be checked against LIMNTPS minSdk/device catalog.,P3_verified_or_secondary,,,ship
sony_xperia_1_v_rear_ultrawide,mobile_camera_module,Sony,Xperia 1 V,,rear_ultrawide,,5.12,3.84,6.4,"1/2.5""",optical_format_conversion,C,good_estimate,yes,probable,manufacturer_format_verified,Sony official specifications,https://www.sony.com/electronics/support/mobile-phones-tablets-mobile-phones/xperia-1-v/specifications,Good estimate; UI may mark sensor geometry as estimated.,,,primary,recent_android_candidate,Keep in active audit set; final installability should be checked against LIMNTPS minSdk/device catalog.,P3_verified_or_secondary,,,ship
sony_xperia_1_vi_rear_main,mobile_camera_module,Sony,Xperia 1 VI,,rear_main,,9.481,7.111,11.8514,"1/1.35""",optical_format_conversion,C,good_estimate,yes,probable,manufacturer_format_verified,Sony official specifications,https://www.sony.com/electronics/support/mobile-phones-tablets-mobile-phones/xperia-1-vi/specifications,Good estimate; UI may mark sensor geometry as estimated.,,,primary,recent_android_candidate,Keep in active audit set; final installability should be checked against LIMNTPS minSdk/device catalog.,P3_verified_or_secondary,,,ship
sony_xperia_1_vi_rear_telephoto,mobile_camera_module,Sony,Xperia 1 VI,,rear_telephoto,,4.414,3.31,5.5172,"1/2.9""",optical_format_conversion,C,good_estimate,yes,probable,manufacturer_format_verified,Sony official specifications,https://www.sony.com/electronics/support/mobile-phones-tablets-mobile-phones/xperia-1-vi/specifications,Good estimate; UI may mark sensor geometry as estimated.,,,primary,recent_android_candidate,Keep in active audit set; final installability should be checked against LIMNTPS minSdk/device catalog.,P3_verified_or_secondary,,,ship
sony_xperia_1_vi_rear_ultrawide,mobile_camera_module,Sony,Xperia 1 VI,,rear_ultrawide,,5.12,3.84,6.4,"1/2.5""",optical_format_conversion,C,good_estimate,yes,probable,manufacturer_format_verified,Sony official specifications,https://www.sony.com/electronics/support/mobile-phones-tablets-mobile-phones/xperia-1-vi/specifications,Good estimate; UI may mark sensor geometry as estimated.,,,primary,recent_android_candidate,Keep in active audit set; final installability should be checked against LIMNTPS minSdk/device catalog.,P3_verified_or_secondary,,,ship
sony_xperia_10_iv_rear_main,mobile_camera_module,Sony,Xperia 10 IV,,rear_main,,4.571,3.429,5.7142,"1/2.8""",optical_format_conversion,C,good_estimate,yes,provisional,compiled_spec_value,Compiled Xperia camera specification,,Use automatically as estimated geometry; retain provenance and estimated status.,source_url_missing,,primary,recent_android_candidate,Keep in active audit set; final installability should be checked against LIMNTPS minSdk/device catalog.,P2_source_strengthen,source_url_missing,,ship
sony_xperia_10_iv_rear_telephoto,mobile_camera_module,Sony,Xperia 10 IV,,rear_telephoto,,2.909,2.182,3.6364,"1/4.4""",optical_format_conversion,C,good_estimate,yes,provisional,compiled_spec_value,Compiled Xperia camera specification,,Use automatically as estimated geometry; retain provenance and estimated status.,source_url_missing,,primary,recent_android_candidate,Keep in active audit set; final installability should be checked against LIMNTPS minSdk/device catalog.,P2_source_strengthen,source_url_missing,,ship
sony_xperia_10_iv_rear_ultrawide,mobile_camera_module,Sony,Xperia 10 IV,,rear_ultrawide,,3.2,2.4,4.0,"1/4.0""",optical_format_conversion,C,good_estimate,yes,provisional,compiled_spec_value,Compiled Xperia camera specification,,Use automatically as estimated geometry; retain provenance and estimated status.,source_url_missing,,primary,recent_android_candidate,Keep in active audit set; final installability should be checked against LIMNTPS minSdk/device catalog.,P2_source_strengthen,source_url_missing,,ship
sony_xperia_10_v_rear_main,mobile_camera_module,Sony,Xperia 10 V,,rear_main,,4.571,3.429,5.7142,"1/2.8""",optical_format_conversion,C,good_estimate,yes,provisional,compiled_spec_value,Compiled Xperia camera specification,,Use automatically as estimated geometry; retain provenance and estimated status.,source_url_missing,,primary,recent_android_candidate,Keep in active audit set; final installability should be checked against LIMNTPS minSdk/device catalog.,P2_source_strengthen,source_url_missing,,ship
sony_xperia_10_v_rear_telephoto,mobile_camera_module,Sony,Xperia 10 V,,rear_telephoto,,2.909,2.182,3.6364,"1/4.4""",optical_format_conversion,C,good_estimate,yes,provisional,compiled_spec_value,Compiled Xperia camera specification,,Use automatically as estimated geometry; retain provenance and estimated status.,source_url_missing,,primary,recent_android_candidate,Keep in active audit set; final installability should be checked against LIMNTPS minSdk/device catalog.,P2_source_strengthen,source_url_missing,,ship
sony_xperia_10_v_rear_ultrawide,mobile_camera_module,Sony,Xperia 10 V,,rear_ultrawide,,3.2,2.4,4.0,"1/4.0""",optical_format_conversion,C,good_estimate,yes,provisional,compiled_spec_value,Compiled Xperia camera specification,,Use automatically as estimated geometry; retain provenance and estimated status.,source_url_missing,,primary,recent_android_candidate,Keep in active audit set; final installability should be checked against LIMNTPS minSdk/device catalog.,P2_source_strengthen,source_url_missing,,ship
sony_xperia_10_vi_rear_main,mobile_camera_module,Sony,Xperia 10 VI,,rear_main,,6.4,4.8,8.0,"1/2.0""",optical_format_conversion,C,good_estimate,yes,provisional,compiled_spec_value,Compiled Xperia camera specification,,Use automatically as estimated geometry; retain provenance and estimated status.,source_url_missing,,primary,recent_android_candidate,Keep in active audit set; final installability should be checked against LIMNTPS minSdk/device catalog.,P2_source_strengthen,source_url_missing,,ship
sony_xperia_10_vi_rear_ultrawide,mobile_camera_module,Sony,Xperia 10 VI,,rear_ultrawide,,3.2,2.4,4.0,"1/4.0""",optical_format_conversion,C,good_estimate,yes,provisional,compiled_spec_value,Compiled Xperia camera specification,,Use automatically as estimated geometry; retain provenance and estimated status.,source_url_missing,,primary,recent_android_candidate,Keep in active audit set; final installability should be checked against LIMNTPS minSdk/device catalog.,P2_source_strengthen,source_url_missing,,ship
sony_xperia_5_iii_rear_main,mobile_camera_module,Sony,Xperia 5 III,,rear_main,,7.529,5.647,9.4114,"1/1.7""",optical_format_conversion,C,good_estimate,yes,provisional,compiled_spec_value,Compiled Xperia camera specification,,Use automatically as estimated geometry; retain provenance and estimated status.,source_url_missing,,primary,recent_android_candidate,Keep in active audit set; final installability should be checked against LIMNTPS minSdk/device catalog.,P2_source_strengthen,source_url_missing,,ship
sony_xperia_5_iii_rear_telephoto,mobile_camera_module,Sony,Xperia 5 III,,rear_telephoto,,4.414,3.31,5.5172,"1/2.9""",optical_format_conversion,C,good_estimate,yes,provisional,compiled_spec_value,Compiled Xperia camera specification,,Use automatically as estimated geometry; retain provenance and estimated status.,source_url_missing,,primary,recent_android_candidate,Keep in active audit set; final installability should be checked against LIMNTPS minSdk/device catalog.,P2_source_strengthen,source_url_missing,,ship
sony_xperia_5_iii_rear_ultrawide,mobile_camera_module,Sony,Xperia 5 III,,rear_ultrawide,,5.12,3.84,6.4,"1/2.5""",optical_format_conversion,C,good_estimate,yes,provisional,compiled_spec_value,Compiled Xperia camera specification,,Use automatically as estimated geometry; retain provenance and estimated status.,source_url_missing,,primary,recent_android_candidate,Keep in active audit set; final installability should be checked against LIMNTPS minSdk/device catalog.,P2_source_strengthen,source_url_missing,,ship
sony_xperia_5_iv_rear_main,mobile_camera_module,Sony,Xperia 5 IV,,rear_main,,7.529,5.647,9.4114,"1/1.7""",optical_format_conversion,C,good_estimate,yes,provisional,compiled_spec_value,Compiled Xperia camera specification,,Use automatically as estimated geometry; retain provenance and estimated status.,source_url_missing,,primary,recent_android_candidate,Keep in active audit set; final installability should be checked against LIMNTPS minSdk/device catalog.,P2_source_strengthen,source_url_missing,,ship
sony_xperia_5_iv_rear_telephoto,mobile_camera_module,Sony,Xperia 5 IV,,rear_telephoto,,3.657,2.743,4.5714,"1/3.5""",optical_format_conversion,C,good_estimate,yes,provisional,compiled_spec_value,Compiled Xperia camera specification,,Use automatically as estimated geometry; retain provenance and estimated status.,source_url_missing,,primary,recent_android_candidate,Keep in active audit set; final installability should be checked against LIMNTPS minSdk/device catalog.,P2_source_strengthen,source_url_missing,,ship
sony_xperia_5_iv_rear_ultrawide,mobile_camera_module,Sony,Xperia 5 IV,,rear_ultrawide,,5.12,3.84,6.4,"1/2.5""",optical_format_conversion,C,good_estimate,yes,provisional,compiled_spec_value,Compiled Xperia camera specification,,Use automatically as estimated geometry; retain provenance and estimated status.,source_url_missing,,primary,recent_android_candidate,Keep in active audit set; final installability should be checked against LIMNTPS minSdk/device catalog.,P2_source_strengthen,source_url_missing,,ship
sony_xperia_5_v_rear_main,mobile_camera_module,Sony,Xperia 5 V,,rear_main,,9.481,7.111,11.8514,"1/1.35""",optical_format_conversion,C,good_estimate,yes,provisional,compiled_spec_value,Compiled Xperia camera specification,,Use automatically as estimated geometry; retain provenance and estimated status.,source_url_missing,,primary,recent_android_candidate,Keep in active audit set; final installability should be checked against LIMNTPS minSdk/device catalog.,P2_source_strengthen,source_url_missing,,ship
sony_xperia_5_v_rear_ultrawide,mobile_camera_module,Sony,Xperia 5 V,,rear_ultrawide,,5.12,3.84,6.4,"1/2.5""",optical_format_conversion,C,good_estimate,yes,provisional,compiled_spec_value,Compiled Xperia camera specification,,Use automatically as estimated geometry; retain provenance and estimated status.,source_url_missing,,primary,recent_android_candidate,Keep in active audit set; final installability should be checked against LIMNTPS minSdk/device catalog.,P2_source_strengthen,source_url_missing,,ship
xiaomi_redmi_note_11_pro_5g_rear_main,mobile_camera_module,Xiaomi,Redmi Note 11 Pro 5G,,rear_main,,8.421,6.316,10.5264,"1/1.52""",optical_format_conversion,C,good_estimate,yes,provisional,compiled_spec_value,Compiled device camera specification,,Use automatically as estimated geometry; retain provenance and estimated status.,source_url_missing,,primary,recent_android_candidate,Keep in active audit set; final installability should be checked against LIMNTPS minSdk/device catalog.,P2_source_strengthen,source_url_missing,,ship
xiaomi_redmi_note_11_pro_5g_rear_ultrawide,mobile_camera_module,Xiaomi,Redmi Note 11 Pro 5G,,rear_ultrawide,,4.183,3.137,5.2286,"1/3.06""",optical_format_conversion,C,good_estimate,yes,provisional,compiled_spec_value,Compiled device camera specification,,Use automatically as estimated geometry; retain provenance and estimated status.,source_url_missing,,primary,recent_android_candidate,Keep in active audit set; final installability should be checked against LIMNTPS minSdk/device catalog.,P2_source_strengthen,source_url_missing,,ship
xiaomi_redmi_note_12_pro_5g_rear_main,mobile_camera_module,Xiaomi,Redmi Note 12 Pro 5G,,rear_main,,8.205,6.154,10.2564,"1/1.56""",optical_format_conversion,C,good_estimate,yes,provisional,compiled_spec_value,Compiled device camera specification,,Use automatically as estimated geometry; retain provenance and estimated status.,source_url_missing,,primary,recent_android_candidate,Keep in active audit set; final installability should be checked against LIMNTPS minSdk/device catalog.,P2_source_strengthen,source_url_missing,,ship
xiaomi_redmi_note_12_pro_5g_rear_ultrawide,mobile_camera_module,Xiaomi,Redmi Note 12 Pro 5G,,rear_ultrawide,,5.818,4.364,7.2728,"1/2.2""",optical_format_conversion,C,good_estimate,yes,provisional,compiled_spec_value,Compiled device camera specification,,Use automatically as estimated geometry; retain provenance and estimated status.,source_url_missing,,primary,recent_android_candidate,Keep in active audit set; final installability should be checked against LIMNTPS minSdk/device catalog.,P2_source_strengthen,source_url_missing,,ship
xiaomi_redmi_note_13_pro_5g_rear_main,mobile_camera_module,Xiaomi,Redmi Note 13 Pro+ 5G,,rear_main,,9.143,6.857,11.4286,"1/1.4""",optical_format_conversion,C,good_estimate,yes,probable,manufacturer_format_verified,Xiaomi official specifications,https://www.mi.com/global/redmi-note-13-pro-plus-5g/specs/,Good estimate; UI may mark sensor geometry as estimated.,,,primary,recent_android_candidate,Keep in active audit set; final installability should be checked against LIMNTPS minSdk/device catalog.,P3_verified_or_secondary,,,ship
xiaomi_redmi_note_13_pro_5g_rear_ultrawide,mobile_camera_module,Xiaomi,Redmi Note 13 Pro+ 5G,,rear_ultrawide,,4.183,3.137,5.2286,"1/3.06""",optical_format_conversion,C,good_estimate,yes,probable,manufacturer_format_verified,Xiaomi official specifications,https://www.mi.com/global/redmi-note-13-pro-plus-5g/specs/,Good estimate; UI may mark sensor geometry as estimated.,,,primary,recent_android_candidate,Keep in active audit set; final installability should be checked against LIMNTPS minSdk/device catalog.,P3_verified_or_secondary,,,ship
xiaomi_redmi_note_14_pro_5g_rear_main,mobile_camera_module,Xiaomi,Redmi Note 14 Pro 5G,,rear_main,,8.205,6.154,10.2564,"1/1.56""",optical_format_conversion,C,good_estimate,yes,provisional,compiled_spec_value,Compiled device camera specification,,Use automatically as estimated geometry; retain provenance and estimated status.,source_url_missing,,primary,recent_android_candidate,Keep in active audit set; final installability should be checked against LIMNTPS minSdk/device catalog.,P2_source_strengthen,source_url_missing,,ship
xiaomi_redmi_note_14_pro_5g_rear_ultrawide,mobile_camera_module,Xiaomi,Redmi Note 14 Pro 5G,,rear_ultrawide,,4.638,3.478,5.7972,"1/2.76""",optical_format_conversion,C,good_estimate,yes,provisional,compiled_spec_value,Compiled device camera specification,,Use automatically as estimated geometry; retain provenance and estimated status.,source_url_missing,,primary,recent_android_candidate,Keep in active audit set; final installability should be checked against LIMNTPS minSdk/device catalog.,P2_source_strengthen,source_url_missing,,ship
xiaomi_xiaomi_12_rear_main,mobile_camera_module,Xiaomi,Xiaomi 12,,rear_main,,8.205,6.154,10.2564,"1/1.56""",optical_format_conversion,C,good_estimate,yes,provisional,compiled_spec_value,Compiled device camera specification,,Use automatically as estimated geometry; retain provenance and estimated status.,source_url_missing,,primary,recent_android_candidate,Keep in active audit set; final installability should be checked against LIMNTPS minSdk/device catalog.,P2_source_strengthen,source_url_missing,,ship
xiaomi_xiaomi_12_rear_ultrawide,mobile_camera_module,Xiaomi,Xiaomi 12,,rear_ultrawide,,5.333,4.0,6.6664,"1/2.4""",optical_format_conversion,C,good_estimate,yes,provisional,compiled_spec_value,Compiled device camera specification,,Use automatically as estimated geometry; retain provenance and estimated status.,source_url_missing,,primary,recent_android_candidate,Keep in active audit set; final installability should be checked against LIMNTPS minSdk/device catalog.,P2_source_strengthen,source_url_missing,,ship
xiaomi_xiaomi_12_pro_rear_main,mobile_camera_module,Xiaomi,Xiaomi 12 Pro,,rear_main,,10.0,7.5,12.5,"1/1.28""",optical_format_conversion,C,good_estimate,yes,provisional,compiled_spec_value,Compiled device camera specification,,Use automatically as estimated geometry; retain provenance and estimated status.,source_url_missing,,primary,recent_android_candidate,Keep in active audit set; final installability should be checked against LIMNTPS minSdk/device catalog.,P2_source_strengthen,source_url_missing,,ship
xiaomi_xiaomi_12_pro_rear_telephoto,mobile_camera_module,Xiaomi,Xiaomi 12 Pro,,rear_telephoto,,3.765,2.824,4.7064,"1/3.4""",optical_format_conversion,C,good_estimate,yes,provisional,compiled_spec_value,Compiled device camera specification,,Use automatically as estimated geometry; retain provenance and estimated status.,source_url_missing,,primary,recent_android_candidate,Keep in active audit set; final installability should be checked against LIMNTPS minSdk/device catalog.,P2_source_strengthen,source_url_missing,,ship
xiaomi_xiaomi_12_pro_rear_ultrawide,mobile_camera_module,Xiaomi,Xiaomi 12 Pro,,rear_ultrawide,,4.638,3.478,5.7972,"1/2.76""",optical_format_conversion,C,good_estimate,yes,provisional,compiled_spec_value,Compiled device camera specification,,Use automatically as estimated geometry; retain provenance and estimated status.,source_url_missing,,primary,recent_android_candidate,Keep in active audit set; final installability should be checked against LIMNTPS minSdk/device catalog.,P2_source_strengthen,source_url_missing,,ship
xiaomi_xiaomi_12t_rear_main,mobile_camera_module,Xiaomi,Xiaomi 12T,,rear_main,,10.492,7.869,13.115,"1/1.22""",optical_format_conversion,C,good_estimate,yes,provisional,compiled_spec_value,Compiled device camera specification,,Use automatically as estimated geometry; retain provenance and estimated status.,source_url_missing,,primary,recent_android_candidate,Keep in active audit set; final installability should be checked against LIMNTPS minSdk/device catalog.,P2_source_strengthen,source_url_missing,,ship
xiaomi_xiaomi_12t_rear_ultrawide,mobile_camera_module,Xiaomi,Xiaomi 12T,,rear_ultrawide,,5.818,4.364,7.2728,"1/2.2""",optical_format_conversion,C,good_estimate,yes,provisional,compiled_spec_value,Compiled device camera specification,,Use automatically as estimated geometry; retain provenance and estimated status.,source_url_missing,,primary,recent_android_candidate,Keep in active audit set; final installability should be checked against LIMNTPS minSdk/device catalog.,P2_source_strengthen,source_url_missing,,ship
xiaomi_xiaomi_12t_pro_rear_main,mobile_camera_module,Xiaomi,Xiaomi 12T Pro,,rear_main,,10.492,7.869,13.115,"1/1.22""",optical_format_conversion,C,good_estimate,yes,provisional,compiled_spec_value,Compiled device camera specification,,Use automatically as estimated geometry; retain provenance and estimated status.,source_url_missing,,primary,recent_android_candidate,Keep in active audit set; final installability should be checked against LIMNTPS minSdk/device catalog.,P2_source_strengthen,source_url_missing,,ship
xiaomi_xiaomi_12t_pro_rear_ultrawide,mobile_camera_module,Xiaomi,Xiaomi 12T Pro,,rear_ultrawide,,5.818,4.364,7.2728,"1/2.2""",optical_format_conversion,C,good_estimate,yes,provisional,compiled_spec_value,Compiled device camera specification,,Use automatically as estimated geometry; retain provenance and estimated status.,source_url_missing,,primary,recent_android_candidate,Keep in active audit set; final installability should be checked against LIMNTPS minSdk/device catalog.,P2_source_strengthen,source_url_missing,,ship
xiaomi_xiaomi_13_rear_main,mobile_camera_module,Xiaomi,Xiaomi 13,,rear_main,,8.591,6.443,10.7386,"1/1.49""",optical_format_conversion,C,good_estimate,yes,provisional,compiled_spec_value,Compiled device camera specification,,Use automatically as estimated geometry; retain provenance and estimated status.,source_url_missing,,primary,recent_android_candidate,Keep in active audit set; final installability should be checked against LIMNTPS minSdk/device catalog.,P2_source_strengthen,source_url_missing,,ship
xiaomi_xiaomi_13_rear_telephoto,mobile_camera_module,Xiaomi,Xiaomi 13,,rear_telephoto,,3.413,2.56,4.2664,"1/3.75""",optical_format_conversion,C,good_estimate,yes,provisional,compiled_spec_value,Compiled device camera specification,,Use automatically as estimated geometry; retain provenance and estimated status.,source_url_missing,,primary,recent_android_candidate,Keep in active audit set; final installability should be checked against LIMNTPS minSdk/device catalog.,P2_source_strengthen,source_url_missing,,ship
xiaomi_xiaomi_13_rear_ultrawide,mobile_camera_module,Xiaomi,Xiaomi 13,,rear_ultrawide,,4.183,3.137,5.2286,"1/3.06""",optical_format_conversion,C,good_estimate,yes,provisional,compiled_spec_value,Compiled device camera specification,,Use automatically as estimated geometry; retain provenance and estimated status.,source_url_missing,,primary,recent_android_candidate,Keep in active audit set; final installability should be checked against LIMNTPS minSdk/device catalog.,P2_source_strengthen,source_url_missing,,ship
xiaomi_xiaomi_13_pro_rear_main,mobile_camera_module,Xiaomi,Xiaomi 13 Pro,,rear_main,,12.8,9.6,16.0,"1/1.0""",optical_format_conversion,C,good_estimate,yes,provisional,compiled_spec_value,Compiled device camera specification,,Use automatically as estimated geometry; retain provenance and estimated status.,source_url_missing,,primary,recent_android_candidate,Keep in active audit set; final installability should be checked against LIMNTPS minSdk/device catalog.,P2_source_strengthen,source_url_missing,,ship
xiaomi_xiaomi_13_pro_rear_telephoto,mobile_camera_module,Xiaomi,Xiaomi 13 Pro,,rear_telephoto,,3.413,2.56,4.2664,"1/3.75""",optical_format_conversion,C,good_estimate,yes,provisional,compiled_spec_value,Compiled device camera specification,,Use automatically as estimated geometry; retain provenance and estimated status.,source_url_missing,,primary,recent_android_candidate,Keep in active audit set; final installability should be checked against LIMNTPS minSdk/device catalog.,P2_source_strengthen,source_url_missing,,ship
xiaomi_xiaomi_13_pro_rear_ultrawide,mobile_camera_module,Xiaomi,Xiaomi 13 Pro,,rear_ultrawide,,4.638,3.478,5.7972,"1/2.76""",optical_format_conversion,C,good_estimate,yes,provisional,compiled_spec_value,Compiled device camera specification,,Use automatically as estimated geometry; retain provenance and estimated status.,source_url_missing,,primary,recent_android_candidate,Keep in active audit set; final installability should be checked against LIMNTPS minSdk/device catalog.,P2_source_strengthen,source_url_missing,,ship
xiaomi_xiaomi_13_ultra_rear_main,mobile_camera_module,Xiaomi,Xiaomi 13 Ultra,,rear_main,,12.8,9.6,16.0,"1/1.0""",optical_format_conversion,C,good_estimate,yes,provisional,compiled_spec_value,Compiled device camera specification,,Use automatically as estimated geometry; retain provenance and estimated status.,source_url_missing,,primary,recent_android_candidate,Keep in active audit set; final installability should be checked against LIMNTPS minSdk/device catalog.,P2_source_strengthen,source_url_missing,,ship
xiaomi_xiaomi_13_ultra_rear_telephoto,mobile_camera_module,Xiaomi,Xiaomi 13 Ultra,,rear_telephoto,,5.1,3.825,6.375,"1/2.51""",optical_format_conversion,C,good_estimate,yes,provisional,compiled_spec_value,Compiled device camera specification,,Use automatically as estimated geometry; retain provenance and estimated status.,source_url_missing,,primary,recent_android_candidate,Keep in active audit set; final installability should be checked against LIMNTPS minSdk/device catalog.,P2_source_strengthen,source_url_missing,,ship
xiaomi_xiaomi_13_ultra_rear_ultrawide,mobile_camera_module,Xiaomi,Xiaomi 13 Ultra,,rear_ultrawide,,5.1,3.825,6.375,"1/2.51""",optical_format_conversion,C,good_estimate,yes,provisional,compiled_spec_value,Compiled device camera specification,,Use automatically as estimated geometry; retain provenance and estimated status.,source_url_missing,,primary,recent_android_candidate,Keep in active audit set; final installability should be checked against LIMNTPS minSdk/device catalog.,P2_source_strengthen,source_url_missing,,ship
xiaomi_xiaomi_14_rear_main,mobile_camera_module,Xiaomi,Xiaomi 14,,rear_main,,9.771,7.328,12.2136,"1/1.31""",optical_format_conversion,C,good_estimate,yes,provisional,compiled_spec_value,Compiled device camera specification,,Use automatically as estimated geometry; retain provenance and estimated status.,source_url_missing,,primary,recent_android_candidate,Keep in active audit set; final installability should be checked against LIMNTPS minSdk/device catalog.,P2_source_strengthen,source_url_missing,,ship
xiaomi_xiaomi_14_rear_telephoto,mobile_camera_module,Xiaomi,Xiaomi 14,,rear_telephoto,,3.556,2.667,4.445,"1/3.6""",optical_format_conversion,C,good_estimate,yes,provisional,compiled_spec_value,Compiled device camera specification,,Use automatically as estimated geometry; retain provenance and estimated status.,source_url_missing,,primary,recent_android_candidate,Keep in active audit set; final installability should be checked against LIMNTPS minSdk/device catalog.,P2_source_strengthen,source_url_missing,,ship
xiaomi_xiaomi_14_rear_ultrawide,mobile_camera_module,Xiaomi,Xiaomi 14,,rear_ultrawide,,4.638,3.478,5.7972,"1/2.76""",optical_format_conversion,C,good_estimate,yes,provisional,compiled_spec_value,Compiled device camera specification,,Use automatically as estimated geometry; retain provenance and estimated status.,source_url_missing,,primary,recent_android_candidate,Keep in active audit set; final installability should be checked against LIMNTPS minSdk/device catalog.,P2_source_strengthen,source_url_missing,,ship
xiaomi_xiaomi_14_pro_rear_main,mobile_camera_module,Xiaomi,Xiaomi 14 Pro,,rear_main,,9.771,7.328,12.2136,"1/1.31""",optical_format_conversion,C,good_estimate,yes,provisional,compiled_spec_value,Compiled device camera specification,,Use automatically as estimated geometry; retain provenance and estimated status.,source_url_missing,,primary,recent_android_candidate,Keep in active audit set; final installability should be checked against LIMNTPS minSdk/device catalog.,P2_source_strengthen,source_url_missing,,ship
xiaomi_xiaomi_14_pro_rear_telephoto,mobile_camera_module,Xiaomi,Xiaomi 14 Pro,,rear_telephoto,,3.556,2.667,4.445,"1/3.6""",optical_format_conversion,C,good_estimate,yes,provisional,compiled_spec_value,Compiled device camera specification,,Use automatically as estimated geometry; retain provenance and estimated status.,source_url_missing,,primary,recent_android_candidate,Keep in active audit set; final installability should be checked against LIMNTPS minSdk/device catalog.,P2_source_strengthen,source_url_missing,,ship
xiaomi_xiaomi_14_pro_rear_ultrawide,mobile_camera_module,Xiaomi,Xiaomi 14 Pro,,rear_ultrawide,,4.638,3.478,5.7972,"1/2.76""",optical_format_conversion,C,good_estimate,yes,provisional,compiled_spec_value,Compiled device camera specification,,Use automatically as estimated geometry; retain provenance and estimated status.,source_url_missing,,primary,recent_android_candidate,Keep in active audit set; final installability should be checked against LIMNTPS minSdk/device catalog.,P2_source_strengthen,source_url_missing,,ship
xiaomi_xiaomi_14_ultra_rear_main,mobile_camera_module,Xiaomi,Xiaomi 14 Ultra,,rear_main,,12.8,9.6,16.0,"1/1.0""",optical_format_conversion,C,good_estimate,yes,probable,manufacturer_format_verified,Xiaomi official specifications,https://www.mi.com/global/xiaomi-14-ultra/specs/,Good estimate; UI may mark sensor geometry as estimated.,,,primary,recent_android_candidate,Keep in active audit set; final installability should be checked against LIMNTPS minSdk/device catalog.,P3_verified_or_secondary,,,ship
xiaomi_xiaomi_14_ultra_rear_telephoto,mobile_camera_module,Xiaomi,Xiaomi 14 Ultra,,rear_telephoto,,5.1,3.825,6.375,"1/2.51""",optical_format_conversion,C,good_estimate,yes,probable,manufacturer_format_verified,Xiaomi official specifications,https://www.mi.com/global/xiaomi-14-ultra/specs/,Good estimate; UI may mark sensor geometry as estimated.,,,primary,recent_android_candidate,Keep in active audit set; final installability should be checked against LIMNTPS minSdk/device catalog.,P3_verified_or_secondary,,,ship
xiaomi_xiaomi_14_ultra_rear_ultrawide,mobile_camera_module,Xiaomi,Xiaomi 14 Ultra,,rear_ultrawide,,5.1,3.825,6.375,"1/2.51""",optical_format_conversion,C,good_estimate,yes,probable,manufacturer_format_verified,Xiaomi official specifications,https://www.mi.com/global/xiaomi-14-ultra/specs/,Good estimate; UI may mark sensor geometry as estimated.,,,primary,recent_android_candidate,Keep in active audit set; final installability should be checked against LIMNTPS minSdk/device catalog.,P3_verified_or_secondary,,,ship
xiaomi_xiaomi_15_rear_main,mobile_camera_module,Xiaomi,Xiaomi 15,,rear_main,,9.771,7.328,12.2136,"1/1.31""",optical_format_conversion,C,good_estimate,yes,provisional,compiled_spec_value,Compiled device camera specification,,Use automatically as estimated geometry; retain provenance and estimated status.,source_url_missing,,primary,recent_android_candidate,Keep in active audit set; final installability should be checked against LIMNTPS minSdk/device catalog.,P2_source_strengthen,source_url_missing,,ship
xiaomi_xiaomi_15_rear_telephoto,mobile_camera_module,Xiaomi,Xiaomi 15,,rear_telephoto,,4.638,3.478,5.7972,"1/2.76""",optical_format_conversion,C,good_estimate,yes,provisional,compiled_spec_value,Compiled device camera specification,,Use automatically as estimated geometry; retain provenance and estimated status.,source_url_missing,,primary,recent_android_candidate,Keep in active audit set; final installability should be checked against LIMNTPS minSdk/device catalog.,P2_source_strengthen,source_url_missing,,ship
xiaomi_xiaomi_15_rear_ultrawide,mobile_camera_module,Xiaomi,Xiaomi 15,,rear_ultrawide,,4.638,3.478,5.7972,"1/2.76""",optical_format_conversion,C,good_estimate,yes,provisional,compiled_spec_value,Compiled device camera specification,,Use automatically as estimated geometry; retain provenance and estimated status.,source_url_missing,,primary,recent_android_candidate,Keep in active audit set; final installability should be checked against LIMNTPS minSdk/device catalog.,P2_source_strengthen,source_url_missing,,ship
xiaomi_xiaomi_15_pro_rear_main,mobile_camera_module,Xiaomi,Xiaomi 15 Pro,,rear_main,,9.771,7.328,12.2136,"1/1.31""",optical_format_conversion,C,good_estimate,yes,provisional,compiled_spec_value,Compiled device camera specification,,Use automatically as estimated geometry; retain provenance and estimated status.,source_url_missing,,primary,recent_android_candidate,Keep in active audit set; final installability should be checked against LIMNTPS minSdk/device catalog.,P2_source_strengthen,source_url_missing,,ship
xiaomi_xiaomi_15_pro_rear_telephoto,mobile_camera_module,Xiaomi,Xiaomi 15 Pro,,rear_telephoto,,4.638,3.478,5.7972,"1/2.76""",optical_format_conversion,C,good_estimate,yes,provisional,compiled_spec_value,Compiled device camera specification,,Use automatically as estimated geometry; retain provenance and estimated status.,source_url_missing,,primary,recent_android_candidate,Keep in active audit set; final installability should be checked against LIMNTPS minSdk/device catalog.,P2_source_strengthen,source_url_missing,,ship
xiaomi_xiaomi_15_pro_rear_ultrawide,mobile_camera_module,Xiaomi,Xiaomi 15 Pro,,rear_ultrawide,,4.638,3.478,5.7972,"1/2.76""",optical_format_conversion,C,good_estimate,yes,provisional,compiled_spec_value,Compiled device camera specification,,Use automatically as estimated geometry; retain provenance and estimated status.,source_url_missing,,primary,recent_android_candidate,Keep in active audit set; final installability should be checked against LIMNTPS minSdk/device catalog.,P2_source_strengthen,source_url_missing,,ship
xiaomi_xiaomi_15_ultra_rear_main,mobile_camera_module,Xiaomi,Xiaomi 15 Ultra,,rear_main,,12.8,9.6,16.0,"1/1.0""",optical_format_conversion,C,good_estimate,yes,probable,manufacturer_format_verified,Xiaomi official launch/specifications,https://www.mi.com/global/event/2025/xiaomi-launch-february-2025/,Good estimate; UI may mark sensor geometry as estimated.,,,primary,recent_android_candidate,Keep in active audit set; final installability should be checked against LIMNTPS minSdk/device catalog.,P3_verified_or_secondary,,,ship
xiaomi_xiaomi_15_ultra_rear_telephoto,mobile_camera_module,Xiaomi,Xiaomi 15 Ultra,,rear_telephoto,,9.143,6.857,11.4286,"1/1.4""",optical_format_conversion,C,good_estimate,yes,probable,manufacturer_format_verified,Xiaomi official launch/specifications,https://www.mi.com/global/event/2025/xiaomi-launch-february-2025/,Good estimate; UI may mark sensor geometry as estimated.,,,primary,recent_android_candidate,Keep in active audit set; final installability should be checked against LIMNTPS minSdk/device catalog.,P3_verified_or_secondary,,,ship
xiaomi_xiaomi_15_ultra_rear_ultrawide,mobile_camera_module,Xiaomi,Xiaomi 15 Ultra,,rear_ultrawide,,4.638,3.478,5.7972,"1/2.76""",optical_format_conversion,C,good_estimate,yes,probable,manufacturer_format_verified,Xiaomi official launch/specifications,https://www.mi.com/global/event/2025/xiaomi-launch-february-2025/,Good estimate; UI may mark sensor geometry as estimated.,,,primary,recent_android_candidate,Keep in active audit set; final installability should be checked against LIMNTPS minSdk/device catalog.,P3_verified_or_secondary,,,ship
